row_label,201001,201002,201003,201004,201005,201006,201007,201008,201009,201010,201011,201012,201101,201102,201103,201104,201105,201106,201107,201108,201109,201110,201111,201112,201201,201202,201203,201204,201205,201206,201207,201208,201209,201210,201211,201212,201301,201302,201303,201304,201305,201306,201307,201308,201309,201310,201311,201312,201401,201402,201403,201404,201405,201406,201407,201408,201409,201410,201411,201412,201501,201502,201503,201504,201505,201506,201507,201508,201509,201510,201511,201512,201601,201602,201603,201604,201605,201606,201607,201608,201609,201610,201611,201612,201701,201702,201703,201704,201705,201706,201707,201708,201709,201710,201711,201712,201801,201802,201803,201804,201805,201806,201807,201808,201809,201810,201811,201812,201901,201902,201903,201904,201905,201906,201907,201908,201909,201910,201911,201912,202001,202002,202003,202004,202005,202006,202007,202008,202009,202010,202011,202012
China_to_USA,43966640.0,47930707.0,63274440.0,47085585.0,75885376.0,85780995.0,117514260.0,145525286.0,114757646.0,126721574.0,218923447.0,211474370.0,187544316.0,189785938.0,192639760.0,201414473.0,207671688.0,210641773.0,235203177.0,229635163.0,222520278.0,232726606.0,327355906.0,448889984.0,469186019.0,293816928.0,134993808.0,125799772.0,119180102.0,96736451.0,78266871.0,114113935.0,117234672.0,0.0,0.0,0.0,78450756.0,84988304.0,90898572.0,109790590.0,122546783.0,153760151.0,181963157.0,202830648.0,206090824.0,177299423.0,170379968.0,176893123.0,141473783.0,148563262.0,225974162.0,202047198.0,290983980.0,252743106.0,211803003.0,142915072.0,229855740.0,122907902.0,158639459.0,180465752.0,102725592.0,117890843.0,201656293.0,190579534.0,168805521.0,241271793.0,204724323.0,241120334.0,211926793.0,237885552.0,253590794.0,255486463.0,213418565.0,200775824.0,213243822.0,180110192.0,187107690.0,141706747.0,106696440.0,145113440.0,46910755.0,42248141.0,42750109.0,25849258.0,22640973.0,15604980.0,15733854.0,14043042.0,17825550.0,19284851.0,26437575.0,69911513.0,166581663.0,228184378.0,147792947.0,35962681.0,18095518.0,12953489.0,15494657.0,17383459.0,17631971.0,21064627.0,18581724.0,17126678.0,13089670.0,14676277.0,13204061.0,14085328.0,13022229.0,10065222.0,12869258.0,12844311.0,10368397.0,11520679.0,11775651.0,11227883.0,22493160.0,47977827.0,64436412.0,61756650.0,66048392.0,99391443.0,90196276.0,63626587.0,77974480.0,15742015.0,28461825.0,26051286.0,23146256.0,21240516.0,20167252.0,24283475.0
China_to_W00,1076208427.0,1349122671.0,1563710204.0,1567514159.0,1929563025.0,1879737659.0,2259558939.0,2433894388.0,2588002168.0,2795486545.0,3463117705.0,2279747849.0,2385324401.0,2155027159.0,2746525346.0,2827156462.0,2787664360.0,2393812522.0,2882338981.0,2290518874.0,2028489196.0,1980777967.0,1933924426.0,1531800481.0,1389856947.0,1311041915.0,1909405794.0,2114255786.0,2337631145.0,1608777998.0,1488475349.0,1286111934.0,1109940444.0,0.0,0.0,0.0,994640491.876,1268137367.473,1450516482.764,1090918574.332,1426695569.687,1308970195.279,1240037601.047,1192092987.367,1085230397.196,1310433355.768,1053061407.141,1133700287.352,2410597042.952,1234369645.449,1586018797.035,1264128849.868,1413486173.502,1351007388.5679998,1312592175.273,1154898780.666,1322143428.052,1224885794.536,1118370413.474,1322270472.172,1544451645.285,1452235506.493,1589632385.108,1271500133.969,1268977086.602,1372453628.952,1393066778.088,1299455352.666,1432061280.747,1554327455.108,1603189134.569,1694171733.295,1698583748.0,1415841280.0,1571833149.0,1364906278.0,1333140871.0,1386963923.0,1325174723.0,1366874192.0,1200473412.0,1197431617.0,1404497025.0,1396325058.0,1188637212.0,1218015384.0,1605507346.0,1230501343.0,1215487734.0,1190299493.0,1130670537.0,1349091005.0,1439188662.0,1512540351.0,1616831909.0,1642090816.0,1419254541.0,1444548409.0,1586953230.0,1458292804.0,1379883958.0,1470496289.0,1608766563.0,1632222055.0,1591593462.0,1453477120.0,1547623774.0,1574701154.0,1642550032.0,1513543725.0,2432235080.0,1932365532.0,2266446110.0,2009428695.0,2123838705.0,2153727729.0,2147569490.0,1917581331.0,1752199010.0,1690045711.0,1751240670.0,1019294814.0,2065752198.0,1986990576.0,1933851671.0,1832141872.0,1961601871.0,1991148648.0,2368440595.0,2256806514.0,2480594085.0,2193482096.0
"China, Hong Kong SAR_to_USA",10892625.402,8259905.522,9949019.175,14293073.912,12412544.686,11563515.011,11054526.438,12394559.647,9411313.018,10695803.881,8861942.785,6916110.946,8106325.943,6540055.8,10353011.933,8457283.023,9286381.263,8581432.52,10452991.689,8967935.354,9001479.453,10632496.313,14553580.764,11501944.4,8236610.202,12142757.62,10290610.727,17129268.91,15086783.405,13861669.432,11274701.463,10480516.887,11193358.29,8630681.945,10349059.947,11594521.456,11096293.858,9065216.957,8246681.501,10564226.181,12210900.029,23348552.542,9452503.113,10500757.818,10238070.372,13114642.759,11557982.227,10592413.164,13434753.79,8826967.601,11846202.985,10362214.592,12419806.744,13868436.615,10694003.128,10707841.423,12001064.896,23312101.5,20375606.976,15928024.241,12813205.505,7852828.082,13169405.214,11079602.357,17509841.288,13697099.243,12777449.709,14793029.339,13052760.991,18251927.109,11035044.511,10620706.759,16015206.245,8181941.935,12715248.774,12748957.583,11924514.639,11300562.246,12359559.801,12655307.93,11602130.731,9451891.306,9869095.797,11589547.988,10991055.999,8298566.276,16362654.937,14352962.676,12158960.957,13761698.033,19463726.969,15026018.317,14544012.846,12633264.898,14679805.24,14745329.396,15814666.441,17851091.423,18865132.671,18272901.194,16936348.718,18036788.243,0.0,14785521.157,13136930.041,14243182.832,12997922.282,13095299.722,15953276.134,9959037.14,18385719.148,15394727.651,14568892.021,13551918.993,13360390.951,12202623.909,9051814.155,9961187.916,9343484.939,9023956.255,8113716.893,6621345.65,12291745.734,15420209.707,17866980.73,13580572.769,14633523.942,13995188.971,16137651.676,14645116.764,17874449.089,15186146.175
"China, Hong Kong SAR_to_W00",144514682.191,116416811.801,167389558.559,205648299.927,181272699.213,200033446.372,189143706.415,199736778.848,183341424.553,185617650.77,167547642.79,139921270.881,180845111.369,149306259.41,198683526.627,165483985.065,193232306.422,183387080.97,200347585.891,195409701.14,184495541.106,242608152.356,637929083.506,222534607.479,143889543.877,186049808.921,183760417.985,240818449.343,248594763.105,217858190.61,209020376.327,223943761.036,235393352.832,189965580.288,212568731.765,243513805.488,217490338.892,164693110.382,212392651.1,276005315.53,241893619.258,244264942.402,224586569.444,225271468.572,284251611.226,282568969.92,288988888.491,285779730.971,258305726.981,215729083.389,285153911.572,271490523.154,302151066.033,277078732.583,284739106.65,291432543.327,243791724.934,241408762.81,277932927.989,219969936.051,235437632.794,153778080.709,243399732.361,224177016.548,224872790.418,229201260.531,257422642.079,245051499.369,253461501.076,452616195.669,240252827.364,352098931.801,253597305.425,162543268.889,219298484.8,249804361.016,272391756.602,263977371.107,268159938.781,246126561.144,237431296.449,212664544.023,248266399.798,248866779.509,231448919.174,199100856.212,255901740.494,243539422.721,245727896.367,260607240.931,278594190.765,258834076.592,288072674.158,286046837.824,354291266.816,371351646.529,333147075.398,182902552.896,316552712.948,284844861.037,313353195.993,315331075.79,0.0,311177656.337,338946553.549,335100949.861,288641019.745,277104859.141,282499289.3,181279829.351,298116756.999,314980069.872,253263017.972,274107710.732,292230426.803,284761953.353,282193555.272,256682392.193,266098801.709,269703514.667,177432561.012,171501090.023,262622967.737,276411018.111,268625161.09,274564180.192,311841588.098,305952263.957,315659282.95,284820038.128,293084605.095,316957433.233
France_to_USA,905461.619,656873.769,902426.307,999825.597,1082078.767,1491793.07,1948368.823,1246456.567,702511.919,1258984.818,646730.071,867331.877,1707621.76,1505839.574,2053541.308,1067870.364,1976668.281,1930970.316,580815.816,1467288.9,1574324.1,1548997.296,1246650.428,1149419.664,1013171.55,1050805.488,893971.72,1073374.262,981952.209,1350816.366,1409171.344,875452.4,1263116.316,2075230.222,1136163.132,2355181.776,1372823.144,1334898.075,1014147.792,918299.898,849204.548,1623130.663,1665070.92,1477649.58,1320571.032,1654660.29,1446165.862,2286658.385,968640.032,1384556.377,1702259.219,1004840.498,1421187.197,1471932.048,1548880.555,749361.895,2313278.31,914951.314,1141063.28,2832584.837,1086180.007,2435483.0,1785650.455,781942.075,945254.63,965463.969,1166648.11,1268598.432,1502401.01,1145298.147,1165965.029,1218052.143,968103.84,1029249.584,6765423.36,6134906.987,2927500.578,4801130.754,1969861.378,1258042.46,1611725.0,1987653.712,1253323.301,1689899.515,801697.709,1804939.984,1148878.981,948759.245,1083182.967,1830859.255,1758466.133,2178176.236,1603076.758,1951850.959,1119058.836,1991461.875,1649725.395,1186855.719,1750687.49,3558098.175,1815638.974,2404826.176,2465656.31,2099552.053,1700832.631,0.0,1429981.679,1742639.402,1721337.759,1278163.327,2168199.221,1563218.751,2810424.629,3564174.453,1854110.433,1896920.966,1466124.424,2029933.796,1458214.846,2253789.878,1252856.968,948442.746,1894300.122,963955.608,797676.372,1930252.376,1114797.609,1288338.603,1189256.193,1679078.516,1584138.937,2781254.851
France_to_W00,19770194.299,50697019.899,53844842.121,42016916.183,60879888.174,69649318.044,56693576.624,31319968.555,56137944.251,60764660.294,58901425.596,66964550.882,20663765.04,23978522.253,38869889.381,31764557.994,42833996.62,49183752.156,35196305.888,39302875.059,43848306.72,56096094.978,46048484.848,33172478.709,25354918.08,41078425.296,44121081.853,37487758.322,42523309.899,50397596.914,31992547.872,31778062.8,26428836.641,37327975.438,37071508.92,53364689.892,24602572.544,28290314.223,42503511.12,33640832.625,35386049.996,41906016.394,24863405.76,25108782.6,38393960.284,27533057.458,32768735.361,47945631.007,17393080.513,24275237.933,29874954.761,27558745.884,24153840.128,30677210.601,27900858.449,23242277.708,29181890.417,25286076.987,32622828.309,45139755.064,13841293.153,18432079.93,25592598.507,21730291.536,26187056.135,27651263.606,26281346.07,26065081.776,25697428.665,33257199.864,28465945.728,49742550.648,22785660.306,23185563.607,34747479.96,23849758.653,31452953.533,30239784.586,33304555.525,22555853.12,33265521.884,28750655.55,34716496.692,58694310.631,22701294.314,26524828.369,27686654.655,22228171.006,31134126.983,34748561.587,30747119.028,24987044.011,37007679.599,34513734.022,36412541.563,66834386.424,47373025.42,33450264.287,48891541.076,56071941.613,40230620.941,38449564.625,48801133.468,40679278.034,46817172.983,0.0,46207997.749,57461490.894,40531449.812,41356623.264,49316406.294,50042435.0,50264120.111,47516123.331,45221757.511,42244396.063,46770315.226,48859153.415,52769686.405,59967226.0,48894001.326,52826472.096,50017045.9,53948157.173,52169176.619,66048691.03,59999356.82,49777263.581,69523381.925,64053250.372,68347201.094,67713744.622
Germany_to_USA,7770665.253,7630941.789,10939415.55,11264546.194,9923278.05,11703344.721,19716132.635,7187187.546,11306009.941,19936676.501,14804998.53,12406166.335,15074597.016,19858687.62,27042268.671,24274323.009,18925716.769,17503016.388,19097907.61,14231625.304,12253220.904,9901846.247,7531845.093,72113405.718,7880742.808,7176324.943,9678071.572,7511731.087,12888504.815,10372141.774,11332701.244,8059639.16,29417879.359,35580906.977,30707856.254,7484421.624,4556910.978,4724555.963,8258813.43,9099911.976,6891640.098,7105356.132,9103452.408,10606206.6,7661115.3,10149894.81,3972564.662,12103059.439,9240012.735,12643451.984,8537312.88,7068888.391,9294597.578,20973203.56,21371648.621,31997796.718,25044702.269,26104285.153,20111693.667,24883345.149,22511698.011,31162750.68,34969481.124,30039621.069,46533360.94,37245594.172,32397326.768,27318648.127,42158809.591,53116392.588,51635536.005,28284568.203,15716520.324,18625810.361,17611690.68,20818855.292,18929706.157,19591409.227,23880963.481,23051271.037,19641033.602,7437427.32,6963086.13,6646488.54,7385688.216,6408607.949,10121758.39,8043084.249,6232072.239,7184375.959,6746209.499,6228493.518,7604524.516,5461451.111,6303679.268,11314323.753,6003053.103,5833216.789,6245705.672,4652976.73,5454851.196,5398575.671,6546083.017,7451057.537,5178199.946,7937169.471,5881618.024,6204852.095,8521369.395,8305886.18,5592737.301,6500973.642,6417067.917,5890954.785,5959988.446,6588452.726,6959524.393,5506836.898,7281195.786,4967390.971,5785075.828,5669715.604,5160187.948,4042560.218,3768099.081,5944675.563,6435664.073,4443667.927,6553835.866,4342083.495,5729374.318,5282536.607
Germany_to_W00,408064637.594,389129212.5,505027951.697,535716724.452,476819839.036,553154666.863,689121167.652,663874884.748,903448119.57,1118182415.168,1115484445.111,1175263194.42,566029703.808,617405989.413,830604395.876,735349568.83,633877704.38,759472785.68,769295750.503,658368628.133,623234771.664,451514858.348,529127034.481,415178846.191,324123335.025,400485465.235,401959592.178,421733065.992,532133718.014,502683098.05,416806404.165,349431522.6,296192077.191,333532387.422,377847713.76,334904487.129,302270298.818,260110037.804,332557119.849,342733757.998,336501336.951,380200304.045,302965382.28,309508928.509,260156300.154,287733732.385,271125734.796,209927098.083,252261724.275,245376089.27,266457978.541,265130896.289,249031897.652,293421540.704,277966689.392,258965384.113,258586480.33,276758202.88,245272704.449,264315258.748,216744077.497,235574741.13,258731494.577,223532962.858,232319450.98,281129862.412,272227383.714,220477362.628,345170848.441,338512900.362,304304216.92,232326083.942,203294851.656,299295204.543,267935572.89,230240805.671,236309284.186,250180176.26,236392282.546,230684784.296,261136919.383,215862662.807,225394911.608,186277569.032,223352572.563,218415875.889,227659132.961,211917716.099,214676535.901,223078898.297,211416179.189,232896344.61,255137019.919,251303419.892,258760390.455,212440436.688,212305293.907,239128523.372,233916210.872,231416056.589,227181691.338,219493642.731,223680881.65,220938405.983,212984947.493,233348364.658,213947872.111,173367162.811,202418898.391,189232670.827,233778416.525,227100806.126,226418100.854,197242417.997,208677268.381,208275288.42,211852193.011,211959980.337,195467479.652,159810566.378,192582461.175,198027315.898,212245047.649,159519769.663,173484654.897,201017402.527,201461287.584,196642946.046,240090991.194,207843164.054,230932701.994,194536410.141
Italy_to_USA,150617.739,422324.867,173903.724,266947.307,852868.108,87732.428,297629.834,216407.393,214731.615,470038.231,295354.675,182428.519,45677.84,316356.522,124003.142,138311.034,151353.887,123118.116,1361170.728,892866.093,206398.53,113979.096,108434.444,70191.354,42573.595,63594.216,111878.475,139306.608,105752.241,234862.5,81344.648,405331.2,153895.896,88508.628,104009.424,122572.26,94198.632,59474.268,203988.54,114849.36,327613.752,8614804.209,144363.96,89709.4,38682.504,136760.053,124598.979,72961.693,61902.363,62219.473,106435.087,119657.875,95757.902,164168.254,250406.513,140551.712,183525.756,679138.466,381491.042,48555.779,80914.699,225334.955,349254.55,388178.737,179474.86,15889919.874,20083110.894,20201437.545,22035589.967,21415846.914,20470469.694,18967607.367,19759669.002,18654451.378,18221970.9,17789767.305,17823134.061,18277077.235,16829926.357,15741626.697,17788397.479,16711861.218,16279331.595,16098494.682,20583016.857,16610227.366,20694589.883,19037980.522,22314230.755,19185094.489,21152719.843,27744681.024,20282014.881,21363650.614,15725273.582,22850024.041,23126599.47,21132199.024,20196926.228,17586056.325,18779020.649,18474758.151,13380689.045,15755414.603,14467507.009,16280834.275,18355587.454,10102040.58,17097229.316,15365232.202,15362264.648,12149933.087,6334603.935,9648917.206,10306364.061,15897129.608,19471756.476,18965317.072,21406347.682,21351547.999,19656442.006,31543953.489,28658985.847,16914146.335,16042061.373,21498551.582,19568559.265,21297085.192,18466221.846,26179642.297,22629245.591,22671241.93
Italy_to_W00,13072834.906,35787687.679,56754324.558,37650135.555,38934214.055,41975712.48,19332164.336,39665575.026,21197057.719,18834923.731,13889889.202,12037043.688,5888860.88,17996738.811,18168616.149,26099611.284,20296729.894,44403123.336,22484186.296,33442554.747,27216597.78,17942181.95,26846370.18,65584028.316,16148568.51,23023909.68,72425411.958,35079270.266,21708266.013,36061376.972,23000451.044,24833554.4,22088920.946,48515442.664,49530960.48,49014469.764,26424490.224,30897309.714,30604425.936,24409781.098,25379511.414,51050200.685,37724198.04,30391242.09,28461900.356,34810301.219,35809886.897,33583784.989,28548523.818,19725296.438,25371677.854,22092383.739,14705357.04,18619615.558,19703711.516,16046927.839,12547053.324,13647609.461,10554840.329,10470861.251,10299319.266,8242730.93,18763400.215,22287633.744,23617127.2,44964456.298,47824644.394,29069341.366,43435049.102,34951872.659,32736321.781,36189944.611,32920818.294,33684303.832,34289218.68,36041426.507,34881816.448,32876393.088,28096851.146,21853565.955,28170278.938,27386407.468,22958006.622,24111243.212,28106914.122,24983200.845,31263357.404,29723974.912,34001312.436,28564494.076,30592523.002,33553324.224,28216745.913,29934979.592,25734092.604,35049230.284,31404059.036,30039498.171,31737298.742,27314200.335,29221411.142,29136351.406,24060011.257,23547465.578,26898998.109,27845352.315,29767904.664,19066108.699,29748555.81,28023262.804,28399342.675,28079068.487,21116473.485,24927526.551,25641881.876,25357244.495,30994073.313,35769538.396,35848488.342,33121547.285,30696579.222,43421755.824,40604157.369,26596853.489,31442267.606,39162388.613,40052156.125,33927461.525,31772611.017,39605123.194,33597042.184,33187359.971
Japan_to_USA,23586224.02,35112617.315,36358413.884,31469556.492,32869478.903,37339368.573,39866549.52,34011499.455,42517967.207,38078643.756,40854625.264,42973704.0,35035477.29,45051037.218,41704120.826,38214385.874,31439991.401,32510178.876,36586371.635,30553038.6,58798610.0,36530557.284,41056970.2,55954372.24,53717726.654,38821756.222,38577108.557,33909124.203,40270762.732,44537366.361,63639035.163,47867878.085,50460862.716,42807145.953,45824005.255,38572265.147,26488647.744,29704885.176,33297498.55,31210536.42,31564279.331,33917063.048,35754403.1,36419741.514,38534039.894,38807755.206,30390636.595,30915570.2,33594194.097,38126159.004,35829212.504,35633442.0,33997288.064,38610411.76,40123824.79,41869401.728,45223611.025,40064508.204,42520747.0,42809511.044,51687035.014,47711045.226,48622158.585,57173344.585,50923270.2,58116636.803,55059121.116,54421170.06,76857384.562,58372288.951,46941296.705,55772402.508,54205750.065,45332815.585,47706720.468,50137131.74,42804651.29,49573169.931,50899206.204,60629833.75,63629658.785,52096405.76,37088723.265,39340548.036,36054156.41,42325853.988,46328904.104,45767853.824,35647295.036,38467295.944,43325309.169,41402414.116,43933570.613,48555792.571,66156437.39,52169467.038,43618313.621,40863233.831,48091124.173,56050398.511,41212328.031,56231829.501,54817493.231,46936268.193,45170808.155,42741007.398,41469685.667,41377959.264,38195524.647,43495030.104,48146266.097,47255473.768,43134618.494,47703158.627,46158403.88,41581462.275,42489891.273,39287158.801,33006564.874,37478979.074,31174589.264,44203665.552,44960350.34,35554740.356,27042868.201,21700207.518,25673222.732,31717091.139,34203110.236,33221900.132,37836714.059,31751042.549
Japan_to_W00,408487948.31,448336065.861,522321999.253,544496174.109,513712284.689,540060379.359,585543864.662,557314293.332,573883278.834,614866014.102,513360476.983,575415528.0,481605026.94,503721976.164,631645653.38,596726217.052,585458807.628,610674328.807,621971869.585,550602246.6,620649952.0,523160007.552,396256259.3,460251009.764,379453332.59,468448187.396,494432799.353,491078003.197,461028639.37,493938556.317,521904981.026,507554670.276,541055078.201,511446563.414,507839665.65,457566826.777,345739380.016,351688700.862,382745074.7,391811765.52,354618947.813,411977321.206,420292130.05,453067254.198,390399119.978,415693688.239,396544608.581,404555367.43,331309083.114,377295237.498,365561178.242,384531322.5,346593863.68,366161751.343,402284826.16,412281659.801,422767319.85,401680225.226,389253224.315,364741924.576,345210520.101,304401741.31,322593406.668,354763949.61,325899706.962,344546817.136,350171451.528,330392146.17,366358106.056,343820920.104,292703005.431,350269822.032,301299839.343,287503022.24,331714145.532,327610677.044,277256393.895,333367661.925,352400076.756,343537158.375,368319435.788,343402982.496,318273921.942,327323835.432,270789532.685,305755740.84,339559694.887,358328125.54,274317771.228,320281525.928,336268573.521,330654492.755,342451647.919,323762234.833,334829048.132,346813474.169,289308711.402,293634235.782,356969400.77,332438334.098,292863143.419,344017917.421,326519305.35,331498538.038,360124746.882,365956327.303,328311659.804,332113120.165,258733282.12,247594091.192,287456045.676,302086681.227,259443257.91,301147638.729,310559133.591,320224339.269,306485085.912,327714002.788,301869906.66,310092864.208,240961253.165,312616433.24,305663876.519,316726344.031,236180982.984,233254526.178,266437197.106,278351544.42,311556242.571,316861463.097,292172009.492,331613601.02
Malaysia_to_USA,19335286.66,24166111.82,10836196.708,9272907.296,8066788.739,5175726.434,25827566.868,21350734.568,10142492.884,4967491.587,7085561.117,6386129.117,6177658.108,10772476.497,19466199.432,32336847.464,39760520.441,61623047.592,76228756.25,40123191.103,62028746.36,46278136.9,30746048.691,88428240.584,91923079.822,92167466.918,80373207.81,88191354.11,87989724.149,95579060.222,90626271.032,105753367.745,89951875.967,106558221.594,87809847.481,85303198.164,91808402.027,97964811.355,114807991.142,101023957.592,107488552.955,119619251.669,90856789.079,98447263.494,85483609.861,63315037.234,86672193.009,80773183.486,89705655.718,98348482.095,77667034.438,80363179.603,89614874.532,98041036.023,0.0,58150363.092,49757433.725,88737741.046,76683277.997,54731637.484,65692880.201,91912192.127,104387805.13,119406081.966,131537064.796,115368424.681,174069173.953,140515408.27,117470328.791,158626774.174,156896086.868,182719214.505,139810506.478,170796914.939,214472300.359,240802703.221,214505883.166,196467575.413,167628707.72,204632720.319,192718455.736,134508651.266,91127272.111,102831593.307,78846816.416,101717572.923,124918525.851,101166163.923,72571020.309,108186325.681,126192294.883,157620627.174,143541582.808,156914196.208,137612600.238,119145648.252,72379018.414,77339447.076,87338040.955,80420975.628,91969429.146,95348173.207,116313543.577,144762167.545,135786832.929,153942872.514,87373765.866,177592857.575,153701212.904,95919358.64,174637528.959,155908425.2,164877741.598,253781264.988,197742842.035,254039083.829,226485816.197,203834877.781,183990019.851,250130344.601,185268197.756,160711901.999,179753478.205,86500311.436,97924267.579,145511188.992,174317588.259,125190908.413,158758028.398,153371994.351,121348772.77,152630794.472
Malaysia_to_W00,179036485.97,169318534.489,207919641.592,230168890.335,201261674.713,225620023.557,199272654.923,205857378.977,253224346.594,265409232.638,210856557.455,249809066.91,207782034.661,197787103.749,289195535.58,223381388.256,149284117.004,305318371.858,262743517.803,218127268.49,216686975.256,257205835.355,175313319.512,223983348.357,169688927.595,202420163.717,199906193.027,193351161.96,194189784.73,212169957.073,237609033.392,252898564.944,236150712.514,210206793.968,174778510.214,206700331.002,218827213.596,225626644.521,259628638.804,235209964.163,259254095.47,286817231.594,280833839.465,282983772.931,297943359.612,280944283.982,301293177.129,276139201.125,280615845.727,273830716.567,273275717.412,275304055.09,292702148.042,308948092.637,0.0,242171969.173,278379963.039,324911324.186,290667702.533,290837889.866,273823379.365,286101337.693,339862913.365,326947611.247,333943229.657,309745378.517,322435458.789,265991223.999,361880947.536,365902330.248,323652169.524,392751854.325,312246660.32,293909963.595,359107277.813,412869193.396,374826636.676,416978168.912,345755052.566,398634846.062,425928617.045,349200827.164,339489143.944,367774429.865,238395751.928,295813408.673,329205365.296,302309086.631,283666967.497,324024953.149,352980876.063,398853495.884,377440559.41,410631966.058,391537336.669,345842704.204,378119920.525,352583411.097,394001112.017,376122296.189,382163740.935,389544519.823,363238838.4,365365566.036,378697369.198,418257685.541,329931412.046,385093825.078,382495029.18,276914748.582,377880814.349,382325752.383,346442397.689,411867464.803,403452468.634,418512033.835,415308767.015,439543940.034,386594519.777,435296095.122,367863451.475,301409807.976,354632582.813,297509604.626,251276698.273,364693414.289,397833146.137,350932078.007,370398544.196,344292671.065,385181942.076,407575273.54
Netherlands_to_USA,634235.531,425458.571,389740.62,674058.71,729427.663,666788.423,708551.19,1329252.891,738438.021,1146641.47,523806.71,397890.068,1019911.752,563785.594,537788.384,834815.477,683792.73,1460108.628,510281.282,1039111.256,2315523.057,1579460.252,754480.87,383051.589,549936.251,556292.686,357937.194,566467.472,695062.966,708285.175,382961.07,686822.36,440588.394,642210.405,733447.314,4810203.289,266579.87,703725.402,485085.656,626703.403,261235.488,211775.773,568048.704,854427.464,548303.805,2138126.849,947334.106,510057.601,258851.312,170144.699,552602.071,263778.573,257674.114,679650.29,1875921.869,268429.254,377626.461,594397.917,575100.134,534609.272,231054.532,234500.08,295599.947,268836.883,271614.0,359062.686,574626.769,853500.255,1031634.054,1700609.368,1776660.917,2074554.982,1059852.378,1014762.126,2123394.48,758388.605,2199680.71,2213921.992,1053800.9,960416.556,1663771.104,657693.182,892979.029,1205195.633,404523.952,337270.284,1169025.549,875483.624,881151.166,927011.218,599090.375,535166.961,599781.384,525755.474,1123348.902,1031309.623,840988.392,809187.143,747473.191,728998.612,583094.197,471598.546,294896.408,321498.794,455756.071,336010.495,359391.696,246357.72,455243.048,448152.483,8464405.63,266242.356,301080.215,311834.49,701797.798,975063.855,650731.032,706703.536,845423.092,409365.042,419850.026,358664.36,966100.108,604081.31,479453.551,338642.735,428657.42,296825.919,358858.366,627711.295,661257.991,259024.184
Netherlands_to_W00,159309488.45,177340098.471,314515827.62,285696487.195,359216706.493,454652475.139,335204757.632,406930937.752,441688249.25,393002226.565,522119876.388,517612798.885,114640335.024,130416870.625,164440085.041,134596073.57,204784790.969,234893164.44,161938265.741,189552166.678,204548775.514,134342607.322,195461250.089,123183302.492,65193858.407,107654371.625,144108569.969,160771960.996,198720780.483,180915530.716,94614712.933,84106035.52,93999151.718,77809282.873,86453669.731,96946100.446,69448055.054,83401380.53,97656292.619,65491919.616,74449376.119,126032256.005,79119373.944,63288266.041,70226946.093,80709018.907,80171247.035,74989707.59,82554281.797,101650788.847,116442346.364,97360364.167,101159895.164,115732628.794,92036565.015,65725802.569,95093360.017,73698584.477,90122917.698,96969015.972,75741128.378,76484435.68,62042267.559,48710524.125,53850627.605,58089678.709,73104611.135,68643804.569,55375392.626,62454617.872,72134976.795,52298169.236,56962782.948,76230208.56,78980492.67,84427141.541,60633571.28,69997868.078,61118869.339,54793837.81,67319566.91,60896962.961,56286310.222,58183532.856,77149636.845,74552864.403,99770799.634,83812713.704,90926780.08,111284072.493,100900569.603,81605655.845,93023822.328,86751445.972,86166961.859,72308993.308,91236705.637,65410391.13,97180424.008,101095125.486,80991183.406,104612360.734,96891644.84,82353686.605,74279634.295,109399175.065,105265007.654,84755029.065,88294698.744,78833756.047,91235012.35,112774150.832,102582646.964,117649556.911,128534566.561,84761692.957,102155116.095,119808061.652,77944612.479,58808433.237,130974094.501,87455607.117,106012069.505,104506293.632,105097474.128,129219078.758,148749596.322,106294048.645,144274376.937,159815775.069,114193763.726,133546798.159
Philippines_to_USA,0.0,0.0,68602.0,4283767.0,618616.0,3042195.0,2422620.0,7020020.0,1818486.0,2767596.0,797550.0,503821.0,2826283.0,14112742.0,4256710.0,11045899.0,35771740.0,15205066.0,21179381.0,9207888.0,17201277.0,24281947.0,13387967.0,10625426.0,47985298.0,61285134.0,26127637.0,16616424.0,12579922.0,19438773.0,7982614.0,6790202.0,29665981.0,7844650.0,324594.0,989836.0,8268574.0,6369104.0,6432910.0,6181559.0,9675744.0,7557917.0,17660603.0,13362665.0,20459842.0,32260701.0,18480752.0,21153475.0,15578363.0,6958137.0,20176418.0,13615974.0,16273538.0,14893678.0,15079855.0,16386193.0,21387635.0,27765294.0,26053248.0,17517379.0,24861818.0,19570126.0,18423351.0,10628881.0,11716093.0,32963291.0,24033140.0,23811870.0,24327978.0,30277854.0,26402101.0,49302491.0,40968283.0,55117047.0,40227122.0,51449001.0,30157695.0,30493722.0,26766877.0,16052611.0,13262398.0,9257072.0,2199878.0,4498877.0,762450.0,681388.0,505215.0,569824.0,570107.0,594223.0,571216.0,813240.0,976581.0,700751.0,3332125.0,837472.0,513788.0,15523420.0,14300030.0,529690.0,724989.0,14614387.0,16466857.0,11709118.0,11744915.0,10713667.0,12547838.0,9670964.0,14396060.0,11962133.0,14624067.0,10860556.0,13570778.0,14584635.0,14261296.0,11986493.0,9204347.0,11532244.0,14462170.0,9081737.0,18882086.0,8904061.0,3415239.0,377738.0,1948440.0,10287093.0,8615941.0,5897887.0,9589972.0,9896219.0,7041914.0,4460467.0
Philippines_to_W00,820015.0,1476322.0,54045707.0,36343098.0,29865099.0,39215189.0,31818991.0,41278469.0,39418018.0,29245978.0,24069314.0,34320090.0,58647115.0,45707267.0,57430685.0,51599696.0,56629399.0,71088597.0,48811003.0,100612979.0,79467912.0,121272257.0,85581584.0,62715855.0,90185493.0,110958619.0,72965709.0,56745357.0,47536639.0,60181196.0,55871380.0,57432037.0,88978163.0,50093051.0,54883838.0,44219080.0,62108489.0,62119717.0,75667789.0,66967854.0,245175034.0,86433224.0,92580747.0,92689175.0,111223119.0,119396867.0,108202385.0,108784066.0,96510783.0,77967442.0,114086296.0,83488505.0,92126132.0,101745432.0,98724423.0,96173127.0,86393251.0,109288630.0,183761454.0,224904391.0,115100008.0,112089356.0,164248178.0,105579711.0,143085523.0,180675306.0,104184224.0,133892944.0,165183761.0,140897879.0,115603491.0,159730281.0,127668847.0,136056039.0,70138261.0,113208731.0,108214326.0,119905339.0,112587214.0,151684267.0,122531391.0,99002179.0,68565629.0,90048362.0,71476818.0,31261108.0,2487303.0,55677516.0,64052894.0,68021469.0,46342153.0,7402811.0,9325914.0,8175482.0,8190365.0,6797014.0,7621744.0,22224940.0,20822720.0,8141652.0,6784600.0,23545739.0,24330913.0,19780213.0,21289604.0,16683672.0,20258709.0,20795498.0,24560909.0,24785756.0,27648395.0,19632166.0,23602758.0,23869515.0,28811249.0,31135233.0,39069133.0,43464747.0,42841794.0,49054956.0,53184790.0,36658795.0,29226254.0,16666380.0,34194175.0,39561089.0,46473536.0,54430710.0,49311420.0,57561583.0,42851336.0,28888848.0
Singapore_to_USA,10512042.0,13599772.0,11363525.0,7540855.0,7448178.0,7834780.0,15407144.0,11470915.0,11455310.0,24589933.0,7427025.0,11153131.0,15504286.0,9023387.0,7629508.0,19013889.0,19415402.0,15240712.0,17782915.0,18094734.0,12994424.0,43782283.0,14130735.0,13908360.0,19513396.0,13851907.0,19022246.0,16981234.0,18350015.0,9579527.0,22195616.0,12620795.0,11489027.0,23984626.0,9662369.0,8898400.0,11613032.365,7917179.193,15560720.019,0.0,7188368.454,8631676.494,16626497.225,12453206.619,5553009.266,13799258.356,6360444.416,3455433.717,12533250.118,5625429.715,7371237.464,12676087.288,6866512.632,10455532.972,16898160.912,12340521.465,13890798.39,18550616.332,19627673.418,17161654.099,27698059.986,30039855.647,27037205.393,28660863.365,35501267.438,43406252.095,56277391.278,57426000.034,45233385.754,60420562.599,46293688.341,57232502.57,62768044.579,34092666.282,32554581.798,36751307.077,44165258.214,46187845.82,39609583.118,33293968.904,29439387.339,33755001.053,16151502.767,13679074.195,20376975.262,13241673.856,14653876.104,23085627.182,35422146.911,20279568.62,32271332.766,28590981.763,28232648.515,24520663.166,19641557.38,14679174.726,28790076.712,20033740.669,13312868.99,9163477.74,17093396.189,23910005.022,13642528.338,21811670.686,24144268.61,14740932.187,12214717.266,14534689.399,18069573.813,9295565.344,7894330.804,12095146.529,21908200.377,28770699.3,23873638.216,25000754.579,21333285.725,24252421.119,36808595.925,23396442.31,26470071.203,23023247.131,22250939.397,15623125.263,15553137.126,19631519.827,15987798.154,14284882.476,20412759.283,24963706.658,21400295.422,23023606.513
Singapore_to_W00,112738951.0,98722385.0,132644451.0,122514612.0,148182302.0,172195992.0,183854315.0,170270963.0,172594170.0,171398327.0,164702016.0,161424862.0,162491965.0,213450129.0,290965246.0,243028114.0,208615538.0,259165497.0,216010398.0,259636349.0,172754080.0,258893189.0,157047340.0,173376885.0,182923578.0,165817113.0,159347306.0,153817755.0,255592633.0,133426741.0,165641256.0,146209452.0,138826425.0,192316954.0,168849181.0,117967303.0,136018280.164,76378881.709,110323484.01,0.0,162916347.873,105985121.761,140605310.368,128914011.962,117589067.564,144002136.475,131265042.763,106214509.353,138824698.718,135924008.698,123592717.247,149359247.25,137638658.618,142449473.762,136088410.129,144304721.264,171490111.032,157984597.986,184391207.952,168618192.249,170112852.816,164624390.162,172261970.388,163659620.985,170994996.389,200709084.233,210687578.699,203990506.895,199750692.311,261811077.864,224628539.805,211233744.96,261142325.32,197503527.099,243539222.697,223733183.77,227585548.341,207465014.125,199942266.973,208421755.364,221968342.349,237883246.938,178457659.927,170372035.732,154374356.35,221308310.569,222943423.874,198740555.716,240604200.02,185212841.669,230308967.879,230152297.064,200331000.2,163053593.421,141993856.049,145973585.804,154460550.64,124498442.315,147586265.386,128729717.334,158753758.665,147615602.313,127475646.196,158909212.932,151554765.224,145080915.593,119466331.736,132021871.812,111835012.291,75268379.573,118112814.323,116733938.252,132420419.83,131644112.984,140144125.97,137813269.29,149856225.714,143676717.166,153799516.054,130502514.42,128273565.331,121511126.226,134641068.07,107402019.35,102948359.183,140995593.666,134184353.193,137825115.05,173219251.41,203171700.455,194406823.497,239860284.246
Thailand_to_USA,793881.0,896562.0,1244836.0,978027.0,1098242.0,1341542.0,1240262.0,1948075.0,1381222.0,1140248.0,922120.0,1199391.0,714551.0,857329.0,919264.0,903744.0,1043028.0,919017.0,1169325.0,1057426.0,1161546.0,812227.0,309975.0,122823.0,382419.0,464981.0,647173.0,571348.0,657679.0,729297.0,690937.0,1090231.0,834208.0,874366.0,1213232.0,1130591.0,1061361.0,872296.0,991309.0,804260.0,1009786.0,970374.0,946288.0,873370.0,615345.0,859416.0,747995.0,657489.0,594933.611,535787.302,486925.803,629725.694,846698.212,964345.993,1181393.829,784698.799,961934.841,757765.222,1205067.53,782930.265,647382.83,874690.17,1075638.03,885475.38,1234364.44,1101453.47,1407587.07,1157036.14,2834243.9,10108011.42,16470964.56,20361634.59,20108760.9,30104450.2,53147235.65,39695136.32,45361904.48,45407977.86,52525728.49,43149350.74,52859411.04,36287518.18,30853454.77,12198365.5,28215752.39,30603822.52,28601870.87,30673445.83,33318811.59,36493279.38,36419109.17,48050118.62,55881477.93,32586856.4,35149308.3,36251123.47,10537753.29,13698756.43,10030039.32,19066494.24,15388047.09,8074725.66,8131601.24,9293667.56,12188719.4,8795348.87,5110507.81,3318925.18,12364164.054,12907243.013,18220925.754,28518148.718,31688745.311,35175095.174,36384971.055,45725702.344,50919734.731,57407636.701,69804329.602,93516606.915,83977909.719,94978647.413,108001197.664,109603076.787,91404093.53,106183735.81,109501595.068,60932504.743,57087372.591,79442703.991,63537060.447,73903635.368
Thailand_to_W00,16654307.0,18520818.0,22558883.0,15487402.0,21529331.0,26724956.0,23015093.0,23633213.0,25639180.0,21124764.0,20835085.0,21470423.0,16786207.0,16899871.0,18944577.0,20426706.0,18104361.0,26611673.0,57568027.0,18445518.0,20148465.0,12378372.0,3170767.0,6659151.0,7892227.0,12215312.0,11479738.0,11005918.0,11363210.0,10655247.0,10485369.0,12515904.0,12288016.0,12013063.0,14595626.0,14007009.0,11490580.0,13585507.0,15166082.0,15154050.0,15706919.0,16931449.0,17830657.0,16857859.0,16522026.0,19440959.0,19156118.0,18982046.0,17574926.856,19254253.097,19245848.963,20474971.369,21371988.831,23315804.079,23197140.316,21486820.249,22869302.122,22295839.757,20864993.756,21199529.794,20922893.38,20730809.43,24860953.46,21491032.95,24562948.14,24193639.55,24886948.05,23990026.06,25983760.81,33309123.1,38369913.4,46554469.45,59220957.1,71779957.99,84216491.59,79328553.1,78815571.89,86867259.56,88356858.77,80128405.63,104680555.56,84616853.52,95900158.04,76841452.84,87034883.28,103521526.71,100365342.41,107780253.16,103599184.41,123377170.24,116152758.05,141915772.0,137972709.47,141212246.03,164351396.94,150397415.1,126010536.53,130699630.43,127940764.75,111822074.22,118042802.05,96456536.68,86445643.32,91536904.46,85038149.54,91318428.96,78842916.24,71834884.14,74097170.235,100693149.784,111612738.791,104473328.582,119024281.055,121839393.663,107962354.921,108715217.149,108604112.348,119762407.071,134291954.45,160184303.072,144241092.09,150905376.924,195753933.187,175155905.572,165515855.849,182935956.96,177188827.897,137590790.917,152559764.106,155780273.289,123997930.302,166822131.969
USA_to_W00,193546981.0,221240151.0,266287660.0,294619890.0,271621835.0,308226101.0,288877920.0,267344777.0,279936328.0,322536490.0,293039688.0,242996918.0,248928775.0,240942149.0,302428506.0,265670501.0,261644295.0,256492494.0,262064989.0,242085382.0,230523826.0,262600339.0,192253052.0,196152197.0,171381232.0,202779792.0,206372142.0,206006851.0,190678349.0,179094674.0,181073273.0,208273357.0,188128148.0,206128270.0,227292252.0,212888427.0,232332524.0,192409281.0,164938084.0,161792193.0,176303722.0,192334319.0,166630040.0,194039180.0,193113479.0,190120324.0,186204150.0,193212965.0,172734922.0,180252785.0,224725007.0,188767538.0,190490768.0,183429464.0,185717941.0,191246885.0,198915926.0,202032206.0,142457616.0,149547158.0,182518155.0,162490280.0,210928755.0,204084743.0,203296987.0,221162239.0,230978096.0,212500375.0,220562620.0,200069051.0,188800546.0,185238702.0,176876689.0,182757516.0,231034397.0,218579917.0,193710749.0,194730575.0,191463091.0,201617032.0,181651522.0,175585384.0,183728003.0,178464840.0,179942938.0,171426563.0,205942393.0,198117455.0,215259231.0,213883996.0,193823486.0,196205524.0,203641449.0,213911447.0,197988259.0,214934960.0,205054035.0,200746312.0,253068794.0,229385783.0,231600057.0,232709176.0,224479762.0,225513961.0,184805399.0,214332190.0,185265449.0,183635933.0,180791462.0,173351732.0,174167983.0,190661339.0,170930437.0,165192732.0,160371881.0,180981542.0,176320121.0,211440834.0,203642362.0,187501063.0,188926155.0,171262616.0,211041075.0,146705342.0,163014081.0,195992149.0,197803036.0,175216583.0,198585586.0,211616738.0,197996512.0,230909766.0
Rep. of Korea_to_USA,1998341.0,2195251.0,3574792.0,2822604.0,2488598.0,3283072.0,2582482.0,3494989.0,5139960.0,7038326.0,6707354.0,6484172.0,8982336.0,9573490.0,17750733.0,14562573.0,5676667.0,7847777.0,6468575.0,13197423.0,9352757.0,7228087.0,9710331.0,10342618.0,29940591.0,46987008.0,42246072.0,21750177.0,19379958.0,20317164.0,20227057.0,32547791.0,30507972.0,32332501.0,27970478.0,25854912.0,33911799.0,22179889.0,13150694.0,9667759.0,8234796.0,6034960.0,11236002.0,10125311.0,13551974.0,16716962.0,12781965.0,10918570.0,22998788.0,14239241.0,12774946.0,18382948.0,19946921.0,21364596.0,24815833.0,22741566.0,40790994.0,37868208.0,23071284.0,25178899.0,39400721.0,38417798.0,40902131.0,39987491.0,34541708.0,44837326.0,72411595.0,55474482.0,73565033.0,88569104.0,61584173.0,75815685.0,83614385.0,95644903.0,125016678.0,106458897.0,117959476.0,144380263.0,149796313.0,120196127.0,135800224.0,98610757.0,94165302.0,55473287.0,58755446.0,45679905.0,60916094.0,52379379.0,81314353.0,104110470.0,97410598.0,118629584.0,133716721.0,106176718.0,130709843.0,137099710.0,61892074.0,33602907.0,65067834.0,26703631.0,27383356.0,47589937.0,58919413.0,64571648.0,72767621.0,64700411.0,45089801.0,31020362.0,57530622.0,39920708.0,46159566.0,58808925.0,51257671.0,45457325.0,69080344.0,89058015.0,62148313.0,99006342.0,92570752.0,120448705.0,133224323.0,104975771.0,91696609.0,59466220.0,65423612.0,52003111.0,68636134.0,77130023.0,103025765.0,73991464.0,64598335.0,82796706.0
Viet Nam_to_USA,0.0,3958.0,5659.0,0.0,18423.0,0.0,0.0,520806.0,4651.0,0.0,152809.0,0.0,160636.0,153081.0,149285.0,157076.0,155369.0,35363.0,153974.0,138435.0,0.0,5551.0,126090.0,126637.0,135214.0,145067.0,228062.0,104477.0,0.0,116602.0,5929.0,144025.0,155596.0,210120.0,176553.0,229514.0,10422.0,150425.0,382844.0,30075.0,4731.0,172705.0,251520.0,110947.0,65045.0,201552.0,17932.0,163977.0,142215.0,101119.0,30302.0,103873.0,116257.0,253273.0,19457.0,434299.0,605449.0,2172639.0,454991.0,4147744.0,3409069.517,9145063.32,17354562.02,30189954.834,21497475.484,19152022.54,11913108.503,22776834.097,31430855.885,38401902.688,25987205.886,18546071.834,27359662.443,26940779.67,64273386.269,77388237.64,87045697.062,70094727.136,91168202.003,60764954.841,33526679.477,43695308.205,17300098.586,6356601.977,15267756.959,32849539.656,39083824.57,41537892.459,37709289.295,62083840.254,77130466.252,83349129.728,129459952.552,128182958.376,126981365.579,60957024.755,22492087.39,6428907.409,22851926.573,21813301.945,44724153.847,51242869.28,52921032.597,47074561.904,20284314.47,26957060.499,12973597.041,34236151.518,71843383.686,64697520.912,136936911.755,163066667.974,221017523.481,225825649.848,266405466.39,241243284.942,244347863.346,316157185.813,250107740.582,325157645.414,285075661.975,290665549.428,304427101.842,293881215.559,286068323.304,330901652.732,311177243.738,310561534.106,262790601.741,303938496.299,254997883.685,284986225.964
Rep. of Korea_to_W00,115621456.154,97662589.599,171298019.351,180432521.902,176486381.50100002,239331809.553,208466286.927,255749931.304,256995959.783,283573713.351,325982036.21,268040791.646,206137340.419,199273000.223,265793484.225,217562880.361,196093135.038,174918189.337,184672593.874,189530178.441,248245969.853,216910189.609,180228297.894,152134750.34,165646792.964,179246166.877,209870288.12,160044497.843,267275754.133,179612876.984,162034847.29,184336916.733,194943826.822,127432234.035,117876531.557,102156516.508,291795441.0,272078836.0,328465639.0,337583451.0,379133361.0,343594415.0,329194947.0,311012488.0,325791631.0,327561597.0,277525333.0,266908525.0,4157044987.0,3844686164.0,317474213.0,290868785.0,293568844.0,275066094.0,268654195.0,275587026.0,318608387.0,286740200.0,252575514.0,306833829.0,306387832.0,277249614.0,317178777.0,291706789.0,270272628.0,303670919.0,345476975.0,319578659.0,325585901.0,312606128.0,276798340.0,286666634.0,270711638.0,301323492.0,387093286.0,325561081.0,365680537.0,382617768.0,357714484.0,349463292.0,380007111.0,353667007.0,365183265.0,324679639.0,294604759.0,330897685.0,370034146.0,338742591.0,366096560.0,416846606.0,390297076.0,422044349.0,466439422.0,370395904.0,409128718.0,437993688.0,432930070.0,375551340.0,442564574.0,356185693.0,328724529.0,356894027.0,343517281.0,374505297.0,365777748.0,355698677.0,301942027.0,273353775.0,327527584.0,250217182.0,317984931.0,318485011.0,314238552.0,276415302.0,309241399.0,310790911.0,268228070.0,272557613.0,255174614.0,291634772.0,313177527.0,263556979.0,293182413.0,203527679.0,214929974.0,212839483.0,279852634.0,270011777.0,299965369.0,241811071.0,231312088.0,286610408.0
Viet Nam_to_W00,82034.313,56997.821,332887.031,42842.93,93974.337,153434.251,402457.223,906401.544,44306.113,114610.798,208034.255,39594.018,244976.633,296405.056,423566.14,269212.725,249600.148,132952.244,292527.13300000003,334176.908,106559.761,81930.87700000001,254007.183,271621.83,582753.119,530460.448,812924.496,1848440.986,2176667.68,3673147.031,1889102.358,1803412.5,1979480.539,2224668.7320000003,1851653.121,1011777.418,10423501.986,6367593.879,9446722.008,9675304.137,9986914.428,10249122.476,8077726.74,7163865.916,5926867.773,9476544.24,7216655.166,3163980.1920000003,4796234.333,2703006.412,4557169.919,4772151.939,6436899.675,5388488.499,4568510.981000001,4158788.181,4585178.035,4992615.585,2122624.943,6016305.362,7791159.781,14270637.395,25360669.788,38434776.404,27736690.197,34881926.098,35906264.28,68978167.348,58665399.292,69192656.583,67259001.484,103587127.177,112102631.84,85701358.447,153506235.231,153293044.796,143485405.643,132790579.193,143240355.288,155120751.438,123387973.911,153513358.284,128295518.103,130126678.083,108836885.14,124384919.935,126767167.927,135453699.068,173122497.83,190471469.528,189128202.428,230110481.474,252667870.766,286328013.864,276130192.708,228081555.165,184318731.348,136485014.204,196004457.762,192212756.113,201323350.477,194506743.336,193081908.104,175074498.542,142703133.206,130028214.985,119054655.409,135275024.427,191785645.792,147627727.904,259844872.768,264125859.22,308345436.049,308182447.795,331322361.629,313670674.618,312359956.18,369340112.79,303795416.469,397561151.514,344322154.66,357385256.612,399056906.216,356596781.169,366636532.196,422793411.174,401626088.209,385244064.294,356483831.084,379095296.882,330211757.499,360968424.728
