,country,month,export_value
0,China,2010-01-01,43966640.0
1,"China, Hong Kong SAR",2010-01-01,10892625.402
2,France,2010-01-01,905461.619
3,Germany,2010-01-01,7770665.253
4,Italy,2010-01-01,150617.739
5,Japan,2010-01-01,23586224.02
6,Malaysia,2010-01-01,19335286.66
7,Netherlands,2010-01-01,634235.531
8,Philippines,2010-01-01,0.0
9,Singapore,2010-01-01,10512042.0
10,Thailand,2010-01-01,793881.0
11,Rep. of Korea,2010-01-01,1998341.0
12,Viet Nam,2010-01-01,0.0
13,China,2010-02-01,47930707.0
14,"China, Hong Kong SAR",2010-02-01,8259905.522
15,France,2010-02-01,656873.769
16,Germany,2010-02-01,7630941.789
17,Italy,2010-02-01,422324.867
18,Japan,2010-02-01,35112617.315
19,Malaysia,2010-02-01,24166111.82
20,Netherlands,2010-02-01,425458.571
21,Philippines,2010-02-01,0.0
22,Singapore,2010-02-01,13599772.0
23,Thailand,2010-02-01,896562.0
24,Rep. of Korea,2010-02-01,2195251.0
25,Viet Nam,2010-02-01,3958.0
26,China,2010-03-01,63274440.0
27,"China, Hong Kong SAR",2010-03-01,9949019.175
28,France,2010-03-01,902426.307
29,Germany,2010-03-01,10939415.55
30,Italy,2010-03-01,173903.724
31,Japan,2010-03-01,36358413.884
32,Malaysia,2010-03-01,10836196.708
33,Netherlands,2010-03-01,389740.62
34,Philippines,2010-03-01,68602.0
35,Singapore,2010-03-01,11363525.0
36,Thailand,2010-03-01,1244836.0
37,Rep. of Korea,2010-03-01,3574792.0
38,Viet Nam,2010-03-01,5659.0
39,China,2010-04-01,47085585.0
40,"China, Hong Kong SAR",2010-04-01,14293073.912
41,France,2010-04-01,999825.597
42,Germany,2010-04-01,11264546.194
43,Italy,2010-04-01,266947.307
44,Japan,2010-04-01,31469556.492
45,Malaysia,2010-04-01,9272907.296
46,Netherlands,2010-04-01,674058.71
47,Philippines,2010-04-01,4283767.0
48,Singapore,2010-04-01,7540855.0
49,Thailand,2010-04-01,978027.0
50,Rep. of Korea,2010-04-01,2822604.0
51,Viet Nam,2010-04-01,0.0
52,China,2010-05-01,75885376.0
53,"China, Hong Kong SAR",2010-05-01,12412544.686
54,France,2010-05-01,1082078.767
55,Germany,2010-05-01,9923278.05
56,Italy,2010-05-01,852868.108
57,Japan,2010-05-01,32869478.903
58,Malaysia,2010-05-01,8066788.739
59,Netherlands,2010-05-01,729427.663
60,Philippines,2010-05-01,618616.0
61,Singapore,2010-05-01,7448178.0
62,Thailand,2010-05-01,1098242.0
63,Rep. of Korea,2010-05-01,2488598.0
64,Viet Nam,2010-05-01,18423.0
65,China,2010-06-01,85780995.0
66,"China, Hong Kong SAR",2010-06-01,11563515.011
67,France,2010-06-01,1491793.07
68,Germany,2010-06-01,11703344.721
69,Italy,2010-06-01,87732.428
70,Japan,2010-06-01,37339368.573
71,Malaysia,2010-06-01,5175726.434
72,Netherlands,2010-06-01,666788.423
73,Philippines,2010-06-01,3042195.0
74,Singapore,2010-06-01,7834780.0
75,Thailand,2010-06-01,1341542.0
76,Rep. of Korea,2010-06-01,3283072.0
77,Viet Nam,2010-06-01,0.0
78,China,2010-07-01,117514260.0
79,"China, Hong Kong SAR",2010-07-01,11054526.438
80,France,2010-07-01,1948368.823
81,Germany,2010-07-01,19716132.635
82,Italy,2010-07-01,297629.834
83,Japan,2010-07-01,39866549.52
84,Malaysia,2010-07-01,25827566.868
85,Netherlands,2010-07-01,708551.19
86,Philippines,2010-07-01,2422620.0
87,Singapore,2010-07-01,15407144.0
88,Thailand,2010-07-01,1240262.0
89,Rep. of Korea,2010-07-01,2582482.0
90,Viet Nam,2010-07-01,0.0
91,China,2010-08-01,145525286.0
92,"China, Hong Kong SAR",2010-08-01,12394559.647
93,France,2010-08-01,1246456.567
94,Germany,2010-08-01,7187187.546
95,Italy,2010-08-01,216407.393
96,Japan,2010-08-01,34011499.455
97,Malaysia,2010-08-01,21350734.568
98,Netherlands,2010-08-01,1329252.891
99,Philippines,2010-08-01,7020020.0
100,Singapore,2010-08-01,11470915.0
101,Thailand,2010-08-01,1948075.0
102,Rep. of Korea,2010-08-01,3494989.0
103,Viet Nam,2010-08-01,520806.0
104,China,2010-09-01,114757646.0
105,"China, Hong Kong SAR",2010-09-01,9411313.018
106,France,2010-09-01,702511.919
107,Germany,2010-09-01,11306009.941
108,Italy,2010-09-01,214731.615
109,Japan,2010-09-01,42517967.207
110,Malaysia,2010-09-01,10142492.884
111,Netherlands,2010-09-01,738438.021
112,Philippines,2010-09-01,1818486.0
113,Singapore,2010-09-01,11455310.0
114,Thailand,2010-09-01,1381222.0
115,Rep. of Korea,2010-09-01,5139960.0
116,Viet Nam,2010-09-01,4651.0
117,China,2010-10-01,126721574.0
118,"China, Hong Kong SAR",2010-10-01,10695803.881
119,France,2010-10-01,1258984.818
120,Germany,2010-10-01,19936676.501
121,Italy,2010-10-01,470038.231
122,Japan,2010-10-01,38078643.756
123,Malaysia,2010-10-01,4967491.587
124,Netherlands,2010-10-01,1146641.47
125,Philippines,2010-10-01,2767596.0
126,Singapore,2010-10-01,24589933.0
127,Thailand,2010-10-01,1140248.0
128,Rep. of Korea,2010-10-01,7038326.0
129,Viet Nam,2010-10-01,0.0
130,China,2010-11-01,218923447.0
131,"China, Hong Kong SAR",2010-11-01,8861942.785
132,France,2010-11-01,646730.071
133,Germany,2010-11-01,14804998.53
134,Italy,2010-11-01,295354.675
135,Japan,2010-11-01,40854625.264
136,Malaysia,2010-11-01,7085561.117
137,Netherlands,2010-11-01,523806.71
138,Philippines,2010-11-01,797550.0
139,Singapore,2010-11-01,7427025.0
140,Thailand,2010-11-01,922120.0
141,Rep. of Korea,2010-11-01,6707354.0
142,Viet Nam,2010-11-01,152809.0
143,China,2010-12-01,211474370.0
144,"China, Hong Kong SAR",2010-12-01,6916110.946
145,France,2010-12-01,867331.877
146,Germany,2010-12-01,12406166.335
147,Italy,2010-12-01,182428.519
148,Japan,2010-12-01,42973704.0
149,Malaysia,2010-12-01,6386129.117
150,Netherlands,2010-12-01,397890.068
151,Philippines,2010-12-01,503821.0
152,Singapore,2010-12-01,11153131.0
153,Thailand,2010-12-01,1199391.0
154,Rep. of Korea,2010-12-01,6484172.0
155,Viet Nam,2010-12-01,0.0
156,China,2011-01-01,187544316.0
157,"China, Hong Kong SAR",2011-01-01,8106325.943
158,France,2011-01-01,1707621.76
159,Germany,2011-01-01,15074597.016
160,Italy,2011-01-01,45677.84
161,Japan,2011-01-01,35035477.29
162,Malaysia,2011-01-01,6177658.108
163,Netherlands,2011-01-01,1019911.752
164,Philippines,2011-01-01,2826283.0
165,Singapore,2011-01-01,15504286.0
166,Thailand,2011-01-01,714551.0
167,Rep. of Korea,2011-01-01,8982336.0
168,Viet Nam,2011-01-01,160636.0
169,China,2011-02-01,189785938.0
170,"China, Hong Kong SAR",2011-02-01,6540055.8
171,France,2011-02-01,1505839.574
172,Germany,2011-02-01,19858687.62
173,Italy,2011-02-01,316356.522
174,Japan,2011-02-01,45051037.218
175,Malaysia,2011-02-01,10772476.497
176,Netherlands,2011-02-01,563785.594
177,Philippines,2011-02-01,14112742.0
178,Singapore,2011-02-01,9023387.0
179,Thailand,2011-02-01,857329.0
180,Rep. of Korea,2011-02-01,9573490.0
181,Viet Nam,2011-02-01,153081.0
182,China,2011-03-01,192639760.0
183,"China, Hong Kong SAR",2011-03-01,10353011.933
184,France,2011-03-01,2053541.308
185,Germany,2011-03-01,27042268.671
186,Italy,2011-03-01,124003.142
187,Japan,2011-03-01,41704120.826
188,Malaysia,2011-03-01,19466199.432
189,Netherlands,2011-03-01,537788.384
190,Philippines,2011-03-01,4256710.0
191,Singapore,2011-03-01,7629508.0
192,Thailand,2011-03-01,919264.0
193,Rep. of Korea,2011-03-01,17750733.0
194,Viet Nam,2011-03-01,149285.0
195,China,2011-04-01,201414473.0
196,"China, Hong Kong SAR",2011-04-01,8457283.023
197,France,2011-04-01,1067870.364
198,Germany,2011-04-01,24274323.009
199,Italy,2011-04-01,138311.034
200,Japan,2011-04-01,38214385.874
201,Malaysia,2011-04-01,32336847.464
202,Netherlands,2011-04-01,834815.477
203,Philippines,2011-04-01,11045899.0
204,Singapore,2011-04-01,19013889.0
205,Thailand,2011-04-01,903744.0
206,Rep. of Korea,2011-04-01,14562573.0
207,Viet Nam,2011-04-01,157076.0
208,China,2011-05-01,207671688.0
209,"China, Hong Kong SAR",2011-05-01,9286381.263
210,France,2011-05-01,1976668.281
211,Germany,2011-05-01,18925716.769
212,Italy,2011-05-01,151353.887
213,Japan,2011-05-01,31439991.401
214,Malaysia,2011-05-01,39760520.441
215,Netherlands,2011-05-01,683792.73
216,Philippines,2011-05-01,35771740.0
217,Singapore,2011-05-01,19415402.0
218,Thailand,2011-05-01,1043028.0
219,Rep. of Korea,2011-05-01,5676667.0
220,Viet Nam,2011-05-01,155369.0
221,China,2011-06-01,210641773.0
222,"China, Hong Kong SAR",2011-06-01,8581432.52
223,France,2011-06-01,1930970.316
224,Germany,2011-06-01,17503016.388
225,Italy,2011-06-01,123118.116
226,Japan,2011-06-01,32510178.876
227,Malaysia,2011-06-01,61623047.592
228,Netherlands,2011-06-01,1460108.628
229,Philippines,2011-06-01,15205066.0
230,Singapore,2011-06-01,15240712.0
231,Thailand,2011-06-01,919017.0
232,Rep. of Korea,2011-06-01,7847777.0
233,Viet Nam,2011-06-01,35363.0
234,China,2011-07-01,235203177.0
235,"China, Hong Kong SAR",2011-07-01,10452991.689
236,France,2011-07-01,580815.816
237,Germany,2011-07-01,19097907.61
238,Italy,2011-07-01,1361170.728
239,Japan,2011-07-01,36586371.635
240,Malaysia,2011-07-01,76228756.25
241,Netherlands,2011-07-01,510281.282
242,Philippines,2011-07-01,21179381.0
243,Singapore,2011-07-01,17782915.0
244,Thailand,2011-07-01,1169325.0
245,Rep. of Korea,2011-07-01,6468575.0
246,Viet Nam,2011-07-01,153974.0
247,China,2011-08-01,229635163.0
248,"China, Hong Kong SAR",2011-08-01,8967935.354
249,France,2011-08-01,1467288.9
250,Germany,2011-08-01,14231625.304
251,Italy,2011-08-01,892866.093
252,Japan,2011-08-01,30553038.6
253,Malaysia,2011-08-01,40123191.103
254,Netherlands,2011-08-01,1039111.256
255,Philippines,2011-08-01,9207888.0
256,Singapore,2011-08-01,18094734.0
257,Thailand,2011-08-01,1057426.0
258,Rep. of Korea,2011-08-01,13197423.0
259,Viet Nam,2011-08-01,138435.0
260,China,2011-09-01,222520278.0
261,"China, Hong Kong SAR",2011-09-01,9001479.453
262,France,2011-09-01,1574324.1
263,Germany,2011-09-01,12253220.904
264,Italy,2011-09-01,206398.53
265,Japan,2011-09-01,58798610.0
266,Malaysia,2011-09-01,62028746.36
267,Netherlands,2011-09-01,2315523.057
268,Philippines,2011-09-01,17201277.0
269,Singapore,2011-09-01,12994424.0
270,Thailand,2011-09-01,1161546.0
271,Rep. of Korea,2011-09-01,9352757.0
272,Viet Nam,2011-09-01,0.0
273,China,2011-10-01,232726606.0
274,"China, Hong Kong SAR",2011-10-01,10632496.313
275,France,2011-10-01,1548997.296
276,Germany,2011-10-01,9901846.247
277,Italy,2011-10-01,113979.096
278,Japan,2011-10-01,36530557.284
279,Malaysia,2011-10-01,46278136.9
280,Netherlands,2011-10-01,1579460.252
281,Philippines,2011-10-01,24281947.0
282,Singapore,2011-10-01,43782283.0
283,Thailand,2011-10-01,812227.0
284,Rep. of Korea,2011-10-01,7228087.0
285,Viet Nam,2011-10-01,5551.0
286,China,2011-11-01,327355906.0
287,"China, Hong Kong SAR",2011-11-01,14553580.764
288,France,2011-11-01,1246650.428
289,Germany,2011-11-01,7531845.093
290,Italy,2011-11-01,108434.444
291,Japan,2011-11-01,41056970.2
292,Malaysia,2011-11-01,30746048.691
293,Netherlands,2011-11-01,754480.87
294,Philippines,2011-11-01,13387967.0
295,Singapore,2011-11-01,14130735.0
296,Thailand,2011-11-01,309975.0
297,Rep. of Korea,2011-11-01,9710331.0
298,Viet Nam,2011-11-01,126090.0
299,China,2011-12-01,448889984.0
300,"China, Hong Kong SAR",2011-12-01,11501944.4
301,France,2011-12-01,1149419.664
302,Germany,2011-12-01,72113405.718
303,Italy,2011-12-01,70191.354
304,Japan,2011-12-01,55954372.24
305,Malaysia,2011-12-01,88428240.584
306,Netherlands,2011-12-01,383051.589
307,Philippines,2011-12-01,10625426.0
308,Singapore,2011-12-01,13908360.0
309,Thailand,2011-12-01,122823.0
310,Rep. of Korea,2011-12-01,10342618.0
311,Viet Nam,2011-12-01,126637.0
312,China,2012-01-01,469186019.0
313,"China, Hong Kong SAR",2012-01-01,8236610.202
314,France,2012-01-01,1013171.55
315,Germany,2012-01-01,7880742.808
316,Italy,2012-01-01,42573.595
317,Japan,2012-01-01,53717726.654
318,Malaysia,2012-01-01,91923079.822
319,Netherlands,2012-01-01,549936.251
320,Philippines,2012-01-01,47985298.0
321,Singapore,2012-01-01,19513396.0
322,Thailand,2012-01-01,382419.0
323,Rep. of Korea,2012-01-01,29940591.0
324,Viet Nam,2012-01-01,135214.0
325,China,2012-02-01,293816928.0
326,"China, Hong Kong SAR",2012-02-01,12142757.62
327,France,2012-02-01,1050805.488
328,Germany,2012-02-01,7176324.943
329,Italy,2012-02-01,63594.216
330,Japan,2012-02-01,38821756.222
331,Malaysia,2012-02-01,92167466.918
332,Netherlands,2012-02-01,556292.686
333,Philippines,2012-02-01,61285134.0
334,Singapore,2012-02-01,13851907.0
335,Thailand,2012-02-01,464981.0
336,Rep. of Korea,2012-02-01,46987008.0
337,Viet Nam,2012-02-01,145067.0
338,China,2012-03-01,134993808.0
339,"China, Hong Kong SAR",2012-03-01,10290610.727
340,France,2012-03-01,893971.72
341,Germany,2012-03-01,9678071.572
342,Italy,2012-03-01,111878.475
343,Japan,2012-03-01,38577108.557
344,Malaysia,2012-03-01,80373207.81
345,Netherlands,2012-03-01,357937.194
346,Philippines,2012-03-01,26127637.0
347,Singapore,2012-03-01,19022246.0
348,Thailand,2012-03-01,647173.0
349,Rep. of Korea,2012-03-01,42246072.0
350,Viet Nam,2012-03-01,228062.0
351,China,2012-04-01,125799772.0
352,"China, Hong Kong SAR",2012-04-01,17129268.91
353,France,2012-04-01,1073374.262
354,Germany,2012-04-01,7511731.087
355,Italy,2012-04-01,139306.608
356,Japan,2012-04-01,33909124.203
357,Malaysia,2012-04-01,88191354.11
358,Netherlands,2012-04-01,566467.472
359,Philippines,2012-04-01,16616424.0
360,Singapore,2012-04-01,16981234.0
361,Thailand,2012-04-01,571348.0
362,Rep. of Korea,2012-04-01,21750177.0
363,Viet Nam,2012-04-01,104477.0
364,China,2012-05-01,119180102.0
365,"China, Hong Kong SAR",2012-05-01,15086783.405
366,France,2012-05-01,981952.209
367,Germany,2012-05-01,12888504.815
368,Italy,2012-05-01,105752.241
369,Japan,2012-05-01,40270762.732
370,Malaysia,2012-05-01,87989724.149
371,Netherlands,2012-05-01,695062.966
372,Philippines,2012-05-01,12579922.0
373,Singapore,2012-05-01,18350015.0
374,Thailand,2012-05-01,657679.0
375,Rep. of Korea,2012-05-01,19379958.0
376,Viet Nam,2012-05-01,0.0
377,China,2012-06-01,96736451.0
378,"China, Hong Kong SAR",2012-06-01,13861669.432
379,France,2012-06-01,1350816.366
380,Germany,2012-06-01,10372141.774
381,Italy,2012-06-01,234862.5
382,Japan,2012-06-01,44537366.361
383,Malaysia,2012-06-01,95579060.222
384,Netherlands,2012-06-01,708285.175
385,Philippines,2012-06-01,19438773.0
386,Singapore,2012-06-01,9579527.0
387,Thailand,2012-06-01,729297.0
388,Rep. of Korea,2012-06-01,20317164.0
389,Viet Nam,2012-06-01,116602.0
390,China,2012-07-01,78266871.0
391,"China, Hong Kong SAR",2012-07-01,11274701.463
392,France,2012-07-01,1409171.344
393,Germany,2012-07-01,11332701.244
394,Italy,2012-07-01,81344.648
395,Japan,2012-07-01,63639035.163
396,Malaysia,2012-07-01,90626271.032
397,Netherlands,2012-07-01,382961.07
398,Philippines,2012-07-01,7982614.0
399,Singapore,2012-07-01,22195616.0
400,Thailand,2012-07-01,690937.0
401,Rep. of Korea,2012-07-01,20227057.0
402,Viet Nam,2012-07-01,5929.0
403,China,2012-08-01,114113935.0
404,"China, Hong Kong SAR",2012-08-01,10480516.887
405,France,2012-08-01,875452.4
406,Germany,2012-08-01,8059639.16
407,Italy,2012-08-01,405331.2
408,Japan,2012-08-01,47867878.085
409,Malaysia,2012-08-01,105753367.745
410,Netherlands,2012-08-01,686822.36
411,Philippines,2012-08-01,6790202.0
412,Singapore,2012-08-01,12620795.0
413,Thailand,2012-08-01,1090231.0
414,Rep. of Korea,2012-08-01,32547791.0
415,Viet Nam,2012-08-01,144025.0
416,China,2012-09-01,117234672.0
417,"China, Hong Kong SAR",2012-09-01,11193358.29
418,France,2012-09-01,1263116.316
419,Germany,2012-09-01,29417879.359
420,Italy,2012-09-01,153895.896
421,Japan,2012-09-01,50460862.716
422,Malaysia,2012-09-01,89951875.967
423,Netherlands,2012-09-01,440588.394
424,Philippines,2012-09-01,29665981.0
425,Singapore,2012-09-01,11489027.0
426,Thailand,2012-09-01,834208.0
427,Rep. of Korea,2012-09-01,30507972.0
428,Viet Nam,2012-09-01,155596.0
429,China,2012-10-01,0.0
430,"China, Hong Kong SAR",2012-10-01,8630681.945
431,France,2012-10-01,2075230.222
432,Germany,2012-10-01,35580906.977
433,Italy,2012-10-01,88508.628
434,Japan,2012-10-01,42807145.953
435,Malaysia,2012-10-01,106558221.594
436,Netherlands,2012-10-01,642210.405
437,Philippines,2012-10-01,7844650.0
438,Singapore,2012-10-01,23984626.0
439,Thailand,2012-10-01,874366.0
440,Rep. of Korea,2012-10-01,32332501.0
441,Viet Nam,2012-10-01,210120.0
442,China,2012-11-01,0.0
443,"China, Hong Kong SAR",2012-11-01,10349059.947
444,France,2012-11-01,1136163.132
445,Germany,2012-11-01,30707856.254
446,Italy,2012-11-01,104009.424
447,Japan,2012-11-01,45824005.255
448,Malaysia,2012-11-01,87809847.481
449,Netherlands,2012-11-01,733447.314
450,Philippines,2012-11-01,324594.0
451,Singapore,2012-11-01,9662369.0
452,Thailand,2012-11-01,1213232.0
453,Rep. of Korea,2012-11-01,27970478.0
454,Viet Nam,2012-11-01,176553.0
455,China,2012-12-01,0.0
456,"China, Hong Kong SAR",2012-12-01,11594521.456
457,France,2012-12-01,2355181.776
458,Germany,2012-12-01,7484421.624
459,Italy,2012-12-01,122572.26
460,Japan,2012-12-01,38572265.147
461,Malaysia,2012-12-01,85303198.164
462,Netherlands,2012-12-01,4810203.289
463,Philippines,2012-12-01,989836.0
464,Singapore,2012-12-01,8898400.0
465,Thailand,2012-12-01,1130591.0
466,Rep. of Korea,2012-12-01,25854912.0
467,Viet Nam,2012-12-01,229514.0
468,China,2013-01-01,78450756.0
469,"China, Hong Kong SAR",2013-01-01,11096293.858
470,France,2013-01-01,1372823.144
471,Germany,2013-01-01,4556910.978
472,Italy,2013-01-01,94198.632
473,Japan,2013-01-01,26488647.744
474,Malaysia,2013-01-01,91808402.027
475,Netherlands,2013-01-01,266579.87
476,Philippines,2013-01-01,8268574.0
477,Singapore,2013-01-01,11613032.365
478,Thailand,2013-01-01,1061361.0
479,Rep. of Korea,2013-01-01,33911799.0
480,Viet Nam,2013-01-01,10422.0
481,China,2013-02-01,84988304.0
482,"China, Hong Kong SAR",2013-02-01,9065216.957
483,France,2013-02-01,1334898.075
484,Germany,2013-02-01,4724555.963
485,Italy,2013-02-01,59474.268
486,Japan,2013-02-01,29704885.176
487,Malaysia,2013-02-01,97964811.355
488,Netherlands,2013-02-01,703725.402
489,Philippines,2013-02-01,6369104.0
490,Singapore,2013-02-01,7917179.193
491,Thailand,2013-02-01,872296.0
492,Rep. of Korea,2013-02-01,22179889.0
493,Viet Nam,2013-02-01,150425.0
494,China,2013-03-01,90898572.0
495,"China, Hong Kong SAR",2013-03-01,8246681.501
496,France,2013-03-01,1014147.792
497,Germany,2013-03-01,8258813.43
498,Italy,2013-03-01,203988.54
499,Japan,2013-03-01,33297498.55
500,Malaysia,2013-03-01,114807991.142
501,Netherlands,2013-03-01,485085.656
502,Philippines,2013-03-01,6432910.0
503,Singapore,2013-03-01,15560720.019
504,Thailand,2013-03-01,991309.0
505,Rep. of Korea,2013-03-01,13150694.0
506,Viet Nam,2013-03-01,382844.0
507,China,2013-04-01,109790590.0
508,"China, Hong Kong SAR",2013-04-01,10564226.181
509,France,2013-04-01,918299.898
510,Germany,2013-04-01,9099911.976
511,Italy,2013-04-01,114849.36
512,Japan,2013-04-01,31210536.42
513,Malaysia,2013-04-01,101023957.592
514,Netherlands,2013-04-01,626703.403
515,Philippines,2013-04-01,6181559.0
516,Singapore,2013-04-01,0.0
517,Thailand,2013-04-01,804260.0
518,Rep. of Korea,2013-04-01,9667759.0
519,Viet Nam,2013-04-01,30075.0
520,China,2013-05-01,122546783.0
521,"China, Hong Kong SAR",2013-05-01,12210900.029
522,France,2013-05-01,849204.548
523,Germany,2013-05-01,6891640.098
524,Italy,2013-05-01,327613.752
525,Japan,2013-05-01,31564279.331
526,Malaysia,2013-05-01,107488552.955
527,Netherlands,2013-05-01,261235.488
528,Philippines,2013-05-01,9675744.0
529,Singapore,2013-05-01,7188368.454
530,Thailand,2013-05-01,1009786.0
531,Rep. of Korea,2013-05-01,8234796.0
532,Viet Nam,2013-05-01,4731.0
533,China,2013-06-01,153760151.0
534,"China, Hong Kong SAR",2013-06-01,23348552.542
535,France,2013-06-01,1623130.663
536,Germany,2013-06-01,7105356.132
537,Italy,2013-06-01,8614804.209
538,Japan,2013-06-01,33917063.048
539,Malaysia,2013-06-01,119619251.669
540,Netherlands,2013-06-01,211775.773
541,Philippines,2013-06-01,7557917.0
542,Singapore,2013-06-01,8631676.494
543,Thailand,2013-06-01,970374.0
544,Rep. of Korea,2013-06-01,6034960.0
545,Viet Nam,2013-06-01,172705.0
546,China,2013-07-01,181963157.0
547,"China, Hong Kong SAR",2013-07-01,9452503.113
548,France,2013-07-01,1665070.92
549,Germany,2013-07-01,9103452.408
550,Italy,2013-07-01,144363.96
551,Japan,2013-07-01,35754403.1
552,Malaysia,2013-07-01,90856789.079
553,Netherlands,2013-07-01,568048.704
554,Philippines,2013-07-01,17660603.0
555,Singapore,2013-07-01,16626497.225
556,Thailand,2013-07-01,946288.0
557,Rep. of Korea,2013-07-01,11236002.0
558,Viet Nam,2013-07-01,251520.0
559,China,2013-08-01,202830648.0
560,"China, Hong Kong SAR",2013-08-01,10500757.818
561,France,2013-08-01,1477649.58
562,Germany,2013-08-01,10606206.6
563,Italy,2013-08-01,89709.4
564,Japan,2013-08-01,36419741.514
565,Malaysia,2013-08-01,98447263.494
566,Netherlands,2013-08-01,854427.464
567,Philippines,2013-08-01,13362665.0
568,Singapore,2013-08-01,12453206.619
569,Thailand,2013-08-01,873370.0
570,Rep. of Korea,2013-08-01,10125311.0
571,Viet Nam,2013-08-01,110947.0
572,China,2013-09-01,206090824.0
573,"China, Hong Kong SAR",2013-09-01,10238070.372
574,France,2013-09-01,1320571.032
575,Germany,2013-09-01,7661115.3
576,Italy,2013-09-01,38682.504
577,Japan,2013-09-01,38534039.894
578,Malaysia,2013-09-01,85483609.861
579,Netherlands,2013-09-01,548303.805
580,Philippines,2013-09-01,20459842.0
581,Singapore,2013-09-01,5553009.266
582,Thailand,2013-09-01,615345.0
583,Rep. of Korea,2013-09-01,13551974.0
584,Viet Nam,2013-09-01,65045.0
585,China,2013-10-01,177299423.0
586,"China, Hong Kong SAR",2013-10-01,13114642.759
587,France,2013-10-01,1654660.29
588,Germany,2013-10-01,10149894.81
589,Italy,2013-10-01,136760.053
590,Japan,2013-10-01,38807755.206
591,Malaysia,2013-10-01,63315037.234
592,Netherlands,2013-10-01,2138126.849
593,Philippines,2013-10-01,32260701.0
594,Singapore,2013-10-01,13799258.356
595,Thailand,2013-10-01,859416.0
596,Rep. of Korea,2013-10-01,16716962.0
597,Viet Nam,2013-10-01,201552.0
598,China,2013-11-01,170379968.0
599,"China, Hong Kong SAR",2013-11-01,11557982.227
600,France,2013-11-01,1446165.862
601,Germany,2013-11-01,3972564.662
602,Italy,2013-11-01,124598.979
603,Japan,2013-11-01,30390636.595
604,Malaysia,2013-11-01,86672193.009
605,Netherlands,2013-11-01,947334.106
606,Philippines,2013-11-01,18480752.0
607,Singapore,2013-11-01,6360444.416
608,Thailand,2013-11-01,747995.0
609,Rep. of Korea,2013-11-01,12781965.0
610,Viet Nam,2013-11-01,17932.0
611,China,2013-12-01,176893123.0
612,"China, Hong Kong SAR",2013-12-01,10592413.164
613,France,2013-12-01,2286658.385
614,Germany,2013-12-01,12103059.439
615,Italy,2013-12-01,72961.693
616,Japan,2013-12-01,30915570.2
617,Malaysia,2013-12-01,80773183.486
618,Netherlands,2013-12-01,510057.601
619,Philippines,2013-12-01,21153475.0
620,Singapore,2013-12-01,3455433.717
621,Thailand,2013-12-01,657489.0
622,Rep. of Korea,2013-12-01,10918570.0
623,Viet Nam,2013-12-01,163977.0
624,China,2014-01-01,141473783.0
625,"China, Hong Kong SAR",2014-01-01,13434753.79
626,France,2014-01-01,968640.032
627,Germany,2014-01-01,9240012.735
628,Italy,2014-01-01,61902.363
629,Japan,2014-01-01,33594194.097
630,Malaysia,2014-01-01,89705655.718
631,Netherlands,2014-01-01,258851.312
632,Philippines,2014-01-01,15578363.0
633,Singapore,2014-01-01,12533250.118
634,Thailand,2014-01-01,594933.611
635,Rep. of Korea,2014-01-01,22998788.0
636,Viet Nam,2014-01-01,142215.0
637,China,2014-02-01,148563262.0
638,"China, Hong Kong SAR",2014-02-01,8826967.601
639,France,2014-02-01,1384556.377
640,Germany,2014-02-01,12643451.984
641,Italy,2014-02-01,62219.473
642,Japan,2014-02-01,38126159.004
643,Malaysia,2014-02-01,98348482.095
644,Netherlands,2014-02-01,170144.699
645,Philippines,2014-02-01,6958137.0
646,Singapore,2014-02-01,5625429.715
647,Thailand,2014-02-01,535787.302
648,Rep. of Korea,2014-02-01,14239241.0
649,Viet Nam,2014-02-01,101119.0
650,China,2014-03-01,225974162.0
651,"China, Hong Kong SAR",2014-03-01,11846202.985
652,France,2014-03-01,1702259.219
653,Germany,2014-03-01,8537312.88
654,Italy,2014-03-01,106435.087
655,Japan,2014-03-01,35829212.504
656,Malaysia,2014-03-01,77667034.438
657,Netherlands,2014-03-01,552602.071
658,Philippines,2014-03-01,20176418.0
659,Singapore,2014-03-01,7371237.464
660,Thailand,2014-03-01,486925.803
661,Rep. of Korea,2014-03-01,12774946.0
662,Viet Nam,2014-03-01,30302.0
663,China,2014-04-01,202047198.0
664,"China, Hong Kong SAR",2014-04-01,10362214.592
665,France,2014-04-01,1004840.498
666,Germany,2014-04-01,7068888.391
667,Italy,2014-04-01,119657.875
668,Japan,2014-04-01,35633442.0
669,Malaysia,2014-04-01,80363179.603
670,Netherlands,2014-04-01,263778.573
671,Philippines,2014-04-01,13615974.0
672,Singapore,2014-04-01,12676087.288
673,Thailand,2014-04-01,629725.694
674,Rep. of Korea,2014-04-01,18382948.0
675,Viet Nam,2014-04-01,103873.0
676,China,2014-05-01,290983980.0
677,"China, Hong Kong SAR",2014-05-01,12419806.744
678,France,2014-05-01,1421187.197
679,Germany,2014-05-01,9294597.578
680,Italy,2014-05-01,95757.902
681,Japan,2014-05-01,33997288.064
682,Malaysia,2014-05-01,89614874.532
683,Netherlands,2014-05-01,257674.114
684,Philippines,2014-05-01,16273538.0
685,Singapore,2014-05-01,6866512.632
686,Thailand,2014-05-01,846698.212
687,Rep. of Korea,2014-05-01,19946921.0
688,Viet Nam,2014-05-01,116257.0
689,China,2014-06-01,252743106.0
690,"China, Hong Kong SAR",2014-06-01,13868436.615
691,France,2014-06-01,1471932.048
692,Germany,2014-06-01,20973203.56
693,Italy,2014-06-01,164168.254
694,Japan,2014-06-01,38610411.76
695,Malaysia,2014-06-01,98041036.023
696,Netherlands,2014-06-01,679650.29
697,Philippines,2014-06-01,14893678.0
698,Singapore,2014-06-01,10455532.972
699,Thailand,2014-06-01,964345.993
700,Rep. of Korea,2014-06-01,21364596.0
701,Viet Nam,2014-06-01,253273.0
702,China,2014-07-01,211803003.0
703,"China, Hong Kong SAR",2014-07-01,10694003.128
704,France,2014-07-01,1548880.555
705,Germany,2014-07-01,21371648.621
706,Italy,2014-07-01,250406.513
707,Japan,2014-07-01,40123824.79
708,Malaysia,2014-07-01,0.0
709,Netherlands,2014-07-01,1875921.869
710,Philippines,2014-07-01,15079855.0
711,Singapore,2014-07-01,16898160.912
712,Thailand,2014-07-01,1181393.829
713,Rep. of Korea,2014-07-01,24815833.0
714,Viet Nam,2014-07-01,19457.0
715,China,2014-08-01,142915072.0
716,"China, Hong Kong SAR",2014-08-01,10707841.423
717,France,2014-08-01,749361.895
718,Germany,2014-08-01,31997796.718
719,Italy,2014-08-01,140551.712
720,Japan,2014-08-01,41869401.728
721,Malaysia,2014-08-01,58150363.092
722,Netherlands,2014-08-01,268429.254
723,Philippines,2014-08-01,16386193.0
724,Singapore,2014-08-01,12340521.465
725,Thailand,2014-08-01,784698.799
726,Rep. of Korea,2014-08-01,22741566.0
727,Viet Nam,2014-08-01,434299.0
728,China,2014-09-01,229855740.0
729,"China, Hong Kong SAR",2014-09-01,12001064.896
730,France,2014-09-01,2313278.31
731,Germany,2014-09-01,25044702.269
732,Italy,2014-09-01,183525.756
733,Japan,2014-09-01,45223611.025
734,Malaysia,2014-09-01,49757433.725
735,Netherlands,2014-09-01,377626.461
736,Philippines,2014-09-01,21387635.0
737,Singapore,2014-09-01,13890798.39
738,Thailand,2014-09-01,961934.841
739,Rep. of Korea,2014-09-01,40790994.0
740,Viet Nam,2014-09-01,605449.0
741,China,2014-10-01,122907902.0
742,"China, Hong Kong SAR",2014-10-01,23312101.5
743,France,2014-10-01,914951.314
744,Germany,2014-10-01,26104285.153
745,Italy,2014-10-01,679138.466
746,Japan,2014-10-01,40064508.204
747,Malaysia,2014-10-01,88737741.046
748,Netherlands,2014-10-01,594397.917
749,Philippines,2014-10-01,27765294.0
750,Singapore,2014-10-01,18550616.332
751,Thailand,2014-10-01,757765.222
752,Rep. of Korea,2014-10-01,37868208.0
753,Viet Nam,2014-10-01,2172639.0
754,China,2014-11-01,158639459.0
755,"China, Hong Kong SAR",2014-11-01,20375606.976
756,France,2014-11-01,1141063.28
757,Germany,2014-11-01,20111693.667
758,Italy,2014-11-01,381491.042
759,Japan,2014-11-01,42520747.0
760,Malaysia,2014-11-01,76683277.997
761,Netherlands,2014-11-01,575100.134
762,Philippines,2014-11-01,26053248.0
763,Singapore,2014-11-01,19627673.418
764,Thailand,2014-11-01,1205067.53
765,Rep. of Korea,2014-11-01,23071284.0
766,Viet Nam,2014-11-01,454991.0
767,China,2014-12-01,180465752.0
768,"China, Hong Kong SAR",2014-12-01,15928024.241
769,France,2014-12-01,2832584.837
770,Germany,2014-12-01,24883345.149
771,Italy,2014-12-01,48555.779
772,Japan,2014-12-01,42809511.044
773,Malaysia,2014-12-01,54731637.484
774,Netherlands,2014-12-01,534609.272
775,Philippines,2014-12-01,17517379.0
776,Singapore,2014-12-01,17161654.099
777,Thailand,2014-12-01,782930.265
778,Rep. of Korea,2014-12-01,25178899.0
779,Viet Nam,2014-12-01,4147744.0
780,China,2015-01-01,102725592.0
781,"China, Hong Kong SAR",2015-01-01,12813205.505
782,France,2015-01-01,1086180.007
783,Germany,2015-01-01,22511698.011
784,Italy,2015-01-01,80914.699
785,Japan,2015-01-01,51687035.014
786,Malaysia,2015-01-01,65692880.201
787,Netherlands,2015-01-01,231054.532
788,Philippines,2015-01-01,24861818.0
789,Singapore,2015-01-01,27698059.986
790,Thailand,2015-01-01,647382.83
791,Rep. of Korea,2015-01-01,39400721.0
792,Viet Nam,2015-01-01,3409069.517
793,China,2015-02-01,117890843.0
794,"China, Hong Kong SAR",2015-02-01,7852828.082
795,France,2015-02-01,2435483.0
796,Germany,2015-02-01,31162750.68
797,Italy,2015-02-01,225334.955
798,Japan,2015-02-01,47711045.226
799,Malaysia,2015-02-01,91912192.127
800,Netherlands,2015-02-01,234500.08
801,Philippines,2015-02-01,19570126.0
802,Singapore,2015-02-01,30039855.647
803,Thailand,2015-02-01,874690.17
804,Rep. of Korea,2015-02-01,38417798.0
805,Viet Nam,2015-02-01,9145063.32
806,China,2015-03-01,201656293.0
807,"China, Hong Kong SAR",2015-03-01,13169405.214
808,France,2015-03-01,1785650.455
809,Germany,2015-03-01,34969481.124
810,Italy,2015-03-01,349254.55
811,Japan,2015-03-01,48622158.585
812,Malaysia,2015-03-01,104387805.13
813,Netherlands,2015-03-01,295599.947
814,Philippines,2015-03-01,18423351.0
815,Singapore,2015-03-01,27037205.393
816,Thailand,2015-03-01,1075638.03
817,Rep. of Korea,2015-03-01,40902131.0
818,Viet Nam,2015-03-01,17354562.02
819,China,2015-04-01,190579534.0
820,"China, Hong Kong SAR",2015-04-01,11079602.357
821,France,2015-04-01,781942.075
822,Germany,2015-04-01,30039621.069
823,Italy,2015-04-01,388178.737
824,Japan,2015-04-01,57173344.585
825,Malaysia,2015-04-01,119406081.966
826,Netherlands,2015-04-01,268836.883
827,Philippines,2015-04-01,10628881.0
828,Singapore,2015-04-01,28660863.365
829,Thailand,2015-04-01,885475.38
830,Rep. of Korea,2015-04-01,39987491.0
831,Viet Nam,2015-04-01,30189954.834
832,China,2015-05-01,168805521.0
833,"China, Hong Kong SAR",2015-05-01,17509841.288
834,France,2015-05-01,945254.63
835,Germany,2015-05-01,46533360.94
836,Italy,2015-05-01,179474.86
837,Japan,2015-05-01,50923270.2
838,Malaysia,2015-05-01,131537064.796
839,Netherlands,2015-05-01,271614.0
840,Philippines,2015-05-01,11716093.0
841,Singapore,2015-05-01,35501267.438
842,Thailand,2015-05-01,1234364.44
843,Rep. of Korea,2015-05-01,34541708.0
844,Viet Nam,2015-05-01,21497475.484
845,China,2015-06-01,241271793.0
846,"China, Hong Kong SAR",2015-06-01,13697099.243
847,France,2015-06-01,965463.969
848,Germany,2015-06-01,37245594.172
849,Italy,2015-06-01,15889919.874
850,Japan,2015-06-01,58116636.803
851,Malaysia,2015-06-01,115368424.681
852,Netherlands,2015-06-01,359062.686
853,Philippines,2015-06-01,32963291.0
854,Singapore,2015-06-01,43406252.095
855,Thailand,2015-06-01,1101453.47
856,Rep. of Korea,2015-06-01,44837326.0
857,Viet Nam,2015-06-01,19152022.54
858,China,2015-07-01,204724323.0
859,"China, Hong Kong SAR",2015-07-01,12777449.709
860,France,2015-07-01,1166648.11
861,Germany,2015-07-01,32397326.768
862,Italy,2015-07-01,20083110.894
863,Japan,2015-07-01,55059121.116
864,Malaysia,2015-07-01,174069173.953
865,Netherlands,2015-07-01,574626.769
866,Philippines,2015-07-01,24033140.0
867,Singapore,2015-07-01,56277391.278
868,Thailand,2015-07-01,1407587.07
869,Rep. of Korea,2015-07-01,72411595.0
870,Viet Nam,2015-07-01,11913108.503
871,China,2015-08-01,241120334.0
872,"China, Hong Kong SAR",2015-08-01,14793029.339
873,France,2015-08-01,1268598.432
874,Germany,2015-08-01,27318648.127
875,Italy,2015-08-01,20201437.545
876,Japan,2015-08-01,54421170.06
877,Malaysia,2015-08-01,140515408.27
878,Netherlands,2015-08-01,853500.255
879,Philippines,2015-08-01,23811870.0
880,Singapore,2015-08-01,57426000.034
881,Thailand,2015-08-01,1157036.14
882,Rep. of Korea,2015-08-01,55474482.0
883,Viet Nam,2015-08-01,22776834.097
884,China,2015-09-01,211926793.0
885,"China, Hong Kong SAR",2015-09-01,13052760.991
886,France,2015-09-01,1502401.01
887,Germany,2015-09-01,42158809.591
888,Italy,2015-09-01,22035589.967
889,Japan,2015-09-01,76857384.562
890,Malaysia,2015-09-01,117470328.791
891,Netherlands,2015-09-01,1031634.054
892,Philippines,2015-09-01,24327978.0
893,Singapore,2015-09-01,45233385.754
894,Thailand,2015-09-01,2834243.9
895,Rep. of Korea,2015-09-01,73565033.0
896,Viet Nam,2015-09-01,31430855.885
897,China,2015-10-01,237885552.0
898,"China, Hong Kong SAR",2015-10-01,18251927.109
899,France,2015-10-01,1145298.147
900,Germany,2015-10-01,53116392.588
901,Italy,2015-10-01,21415846.914
902,Japan,2015-10-01,58372288.951
903,Malaysia,2015-10-01,158626774.174
904,Netherlands,2015-10-01,1700609.368
905,Philippines,2015-10-01,30277854.0
906,Singapore,2015-10-01,60420562.599
907,Thailand,2015-10-01,10108011.42
908,Rep. of Korea,2015-10-01,88569104.0
909,Viet Nam,2015-10-01,38401902.688
910,China,2015-11-01,253590794.0
911,"China, Hong Kong SAR",2015-11-01,11035044.511
912,France,2015-11-01,1165965.029
913,Germany,2015-11-01,51635536.005
914,Italy,2015-11-01,20470469.694
915,Japan,2015-11-01,46941296.705
916,Malaysia,2015-11-01,156896086.868
917,Netherlands,2015-11-01,1776660.917
918,Philippines,2015-11-01,26402101.0
919,Singapore,2015-11-01,46293688.341
920,Thailand,2015-11-01,16470964.56
921,Rep. of Korea,2015-11-01,61584173.0
922,Viet Nam,2015-11-01,25987205.886
923,China,2015-12-01,255486463.0
924,"China, Hong Kong SAR",2015-12-01,10620706.759
925,France,2015-12-01,1218052.143
926,Germany,2015-12-01,28284568.203
927,Italy,2015-12-01,18967607.367
928,Japan,2015-12-01,55772402.508
929,Malaysia,2015-12-01,182719214.505
930,Netherlands,2015-12-01,2074554.982
931,Philippines,2015-12-01,49302491.0
932,Singapore,2015-12-01,57232502.57
933,Thailand,2015-12-01,20361634.59
934,Rep. of Korea,2015-12-01,75815685.0
935,Viet Nam,2015-12-01,18546071.834
936,China,2016-01-01,213418565.0
937,"China, Hong Kong SAR",2016-01-01,16015206.245
938,France,2016-01-01,968103.84
939,Germany,2016-01-01,15716520.324
940,Italy,2016-01-01,19759669.002
941,Japan,2016-01-01,54205750.065
942,Malaysia,2016-01-01,139810506.478
943,Netherlands,2016-01-01,1059852.378
944,Philippines,2016-01-01,40968283.0
945,Singapore,2016-01-01,62768044.579
946,Thailand,2016-01-01,20108760.9
947,Rep. of Korea,2016-01-01,83614385.0
948,Viet Nam,2016-01-01,27359662.443
949,China,2016-02-01,200775824.0
950,"China, Hong Kong SAR",2016-02-01,8181941.935
951,France,2016-02-01,1029249.584
952,Germany,2016-02-01,18625810.361
953,Italy,2016-02-01,18654451.378
954,Japan,2016-02-01,45332815.585
955,Malaysia,2016-02-01,170796914.939
956,Netherlands,2016-02-01,1014762.126
957,Philippines,2016-02-01,55117047.0
958,Singapore,2016-02-01,34092666.282
959,Thailand,2016-02-01,30104450.2
960,Rep. of Korea,2016-02-01,95644903.0
961,Viet Nam,2016-02-01,26940779.67
962,China,2016-03-01,213243822.0
963,"China, Hong Kong SAR",2016-03-01,12715248.774
964,France,2016-03-01,6765423.36
965,Germany,2016-03-01,17611690.68
966,Italy,2016-03-01,18221970.9
967,Japan,2016-03-01,47706720.468
968,Malaysia,2016-03-01,214472300.359
969,Netherlands,2016-03-01,2123394.48
970,Philippines,2016-03-01,40227122.0
971,Singapore,2016-03-01,32554581.798
972,Thailand,2016-03-01,53147235.65
973,Rep. of Korea,2016-03-01,125016678.0
974,Viet Nam,2016-03-01,64273386.269
975,China,2016-04-01,180110192.0
976,"China, Hong Kong SAR",2016-04-01,12748957.583
977,France,2016-04-01,6134906.987
978,Germany,2016-04-01,20818855.292
979,Italy,2016-04-01,17789767.305
980,Japan,2016-04-01,50137131.74
981,Malaysia,2016-04-01,240802703.221
982,Netherlands,2016-04-01,758388.605
983,Philippines,2016-04-01,51449001.0
984,Singapore,2016-04-01,36751307.077
985,Thailand,2016-04-01,39695136.32
986,Rep. of Korea,2016-04-01,106458897.0
987,Viet Nam,2016-04-01,77388237.64
988,China,2016-05-01,187107690.0
989,"China, Hong Kong SAR",2016-05-01,11924514.639
990,France,2016-05-01,2927500.578
991,Germany,2016-05-01,18929706.157
992,Italy,2016-05-01,17823134.061
993,Japan,2016-05-01,42804651.29
994,Malaysia,2016-05-01,214505883.166
995,Netherlands,2016-05-01,2199680.71
996,Philippines,2016-05-01,30157695.0
997,Singapore,2016-05-01,44165258.214
998,Thailand,2016-05-01,45361904.48
999,Rep. of Korea,2016-05-01,117959476.0
1000,Viet Nam,2016-05-01,87045697.062
1001,China,2016-06-01,141706747.0
1002,"China, Hong Kong SAR",2016-06-01,11300562.246
1003,France,2016-06-01,4801130.754
1004,Germany,2016-06-01,19591409.227
1005,Italy,2016-06-01,18277077.235
1006,Japan,2016-06-01,49573169.931
1007,Malaysia,2016-06-01,196467575.413
1008,Netherlands,2016-06-01,2213921.992
1009,Philippines,2016-06-01,30493722.0
1010,Singapore,2016-06-01,46187845.82
1011,Thailand,2016-06-01,45407977.86
1012,Rep. of Korea,2016-06-01,144380263.0
1013,Viet Nam,2016-06-01,70094727.136
1014,China,2016-07-01,106696440.0
1015,"China, Hong Kong SAR",2016-07-01,12359559.801
1016,France,2016-07-01,1969861.378
1017,Germany,2016-07-01,23880963.481
1018,Italy,2016-07-01,16829926.357
1019,Japan,2016-07-01,50899206.204
1020,Malaysia,2016-07-01,167628707.72
1021,Netherlands,2016-07-01,1053800.9
1022,Philippines,2016-07-01,26766877.0
1023,Singapore,2016-07-01,39609583.118
1024,Thailand,2016-07-01,52525728.49
1025,Rep. of Korea,2016-07-01,149796313.0
1026,Viet Nam,2016-07-01,91168202.003
1027,China,2016-08-01,145113440.0
1028,"China, Hong Kong SAR",2016-08-01,12655307.93
1029,France,2016-08-01,1258042.46
1030,Germany,2016-08-01,23051271.037
1031,Italy,2016-08-01,15741626.697
1032,Japan,2016-08-01,60629833.75
1033,Malaysia,2016-08-01,204632720.319
1034,Netherlands,2016-08-01,960416.556
1035,Philippines,2016-08-01,16052611.0
1036,Singapore,2016-08-01,33293968.904
1037,Thailand,2016-08-01,43149350.74
1038,Rep. of Korea,2016-08-01,120196127.0
1039,Viet Nam,2016-08-01,60764954.841
1040,China,2016-09-01,46910755.0
1041,"China, Hong Kong SAR",2016-09-01,11602130.731
1042,France,2016-09-01,1611725.0
1043,Germany,2016-09-01,19641033.602
1044,Italy,2016-09-01,17788397.479
1045,Japan,2016-09-01,63629658.785
1046,Malaysia,2016-09-01,192718455.736
1047,Netherlands,2016-09-01,1663771.104
1048,Philippines,2016-09-01,13262398.0
1049,Singapore,2016-09-01,29439387.339
1050,Thailand,2016-09-01,52859411.04
1051,Rep. of Korea,2016-09-01,135800224.0
1052,Viet Nam,2016-09-01,33526679.477
1053,China,2016-10-01,42248141.0
1054,"China, Hong Kong SAR",2016-10-01,9451891.306
1055,France,2016-10-01,1987653.712
1056,Germany,2016-10-01,7437427.32
1057,Italy,2016-10-01,16711861.218
1058,Japan,2016-10-01,52096405.76
1059,Malaysia,2016-10-01,134508651.266
1060,Netherlands,2016-10-01,657693.182
1061,Philippines,2016-10-01,9257072.0
1062,Singapore,2016-10-01,33755001.053
1063,Thailand,2016-10-01,36287518.18
1064,Rep. of Korea,2016-10-01,98610757.0
1065,Viet Nam,2016-10-01,43695308.205
1066,China,2016-11-01,42750109.0
1067,"China, Hong Kong SAR",2016-11-01,9869095.797
1068,France,2016-11-01,1253323.301
1069,Germany,2016-11-01,6963086.13
1070,Italy,2016-11-01,16279331.595
1071,Japan,2016-11-01,37088723.265
1072,Malaysia,2016-11-01,91127272.111
1073,Netherlands,2016-11-01,892979.029
1074,Philippines,2016-11-01,2199878.0
1075,Singapore,2016-11-01,16151502.767
1076,Thailand,2016-11-01,30853454.77
1077,Rep. of Korea,2016-11-01,94165302.0
1078,Viet Nam,2016-11-01,17300098.586
1079,China,2016-12-01,25849258.0
1080,"China, Hong Kong SAR",2016-12-01,11589547.988
1081,France,2016-12-01,1689899.515
1082,Germany,2016-12-01,6646488.54
1083,Italy,2016-12-01,16098494.682
1084,Japan,2016-12-01,39340548.036
1085,Malaysia,2016-12-01,102831593.307
1086,Netherlands,2016-12-01,1205195.633
1087,Philippines,2016-12-01,4498877.0
1088,Singapore,2016-12-01,13679074.195
1089,Thailand,2016-12-01,12198365.5
1090,Rep. of Korea,2016-12-01,55473287.0
1091,Viet Nam,2016-12-01,6356601.977
1092,China,2017-01-01,22640973.0
1093,"China, Hong Kong SAR",2017-01-01,10991055.999
1094,France,2017-01-01,801697.709
1095,Germany,2017-01-01,7385688.216
1096,Italy,2017-01-01,20583016.857
1097,Japan,2017-01-01,36054156.41
1098,Malaysia,2017-01-01,78846816.416
1099,Netherlands,2017-01-01,404523.952
1100,Philippines,2017-01-01,762450.0
1101,Singapore,2017-01-01,20376975.262
1102,Thailand,2017-01-01,28215752.39
1103,Rep. of Korea,2017-01-01,58755446.0
1104,Viet Nam,2017-01-01,15267756.959
1105,China,2017-02-01,15604980.0
1106,"China, Hong Kong SAR",2017-02-01,8298566.276
1107,France,2017-02-01,1804939.984
1108,Germany,2017-02-01,6408607.949
1109,Italy,2017-02-01,16610227.366
1110,Japan,2017-02-01,42325853.988
1111,Malaysia,2017-02-01,101717572.923
1112,Netherlands,2017-02-01,337270.284
1113,Philippines,2017-02-01,681388.0
1114,Singapore,2017-02-01,13241673.856
1115,Thailand,2017-02-01,30603822.52
1116,Rep. of Korea,2017-02-01,45679905.0
1117,Viet Nam,2017-02-01,32849539.656
1118,China,2017-03-01,15733854.0
1119,"China, Hong Kong SAR",2017-03-01,16362654.937
1120,France,2017-03-01,1148878.981
1121,Germany,2017-03-01,10121758.39
1122,Italy,2017-03-01,20694589.883
1123,Japan,2017-03-01,46328904.104
1124,Malaysia,2017-03-01,124918525.851
1125,Netherlands,2017-03-01,1169025.549
1126,Philippines,2017-03-01,505215.0
1127,Singapore,2017-03-01,14653876.104
1128,Thailand,2017-03-01,28601870.87
1129,Rep. of Korea,2017-03-01,60916094.0
1130,Viet Nam,2017-03-01,39083824.57
1131,China,2017-04-01,14043042.0
1132,"China, Hong Kong SAR",2017-04-01,14352962.676
1133,France,2017-04-01,948759.245
1134,Germany,2017-04-01,8043084.249
1135,Italy,2017-04-01,19037980.522
1136,Japan,2017-04-01,45767853.824
1137,Malaysia,2017-04-01,101166163.923
1138,Netherlands,2017-04-01,875483.624
1139,Philippines,2017-04-01,569824.0
1140,Singapore,2017-04-01,23085627.182
1141,Thailand,2017-04-01,30673445.83
1142,Rep. of Korea,2017-04-01,52379379.0
1143,Viet Nam,2017-04-01,41537892.459
1144,China,2017-05-01,17825550.0
1145,"China, Hong Kong SAR",2017-05-01,12158960.957
1146,France,2017-05-01,1083182.967
1147,Germany,2017-05-01,6232072.239
1148,Italy,2017-05-01,22314230.755
1149,Japan,2017-05-01,35647295.036
1150,Malaysia,2017-05-01,72571020.309
1151,Netherlands,2017-05-01,881151.166
1152,Philippines,2017-05-01,570107.0
1153,Singapore,2017-05-01,35422146.911
1154,Thailand,2017-05-01,33318811.59
1155,Rep. of Korea,2017-05-01,81314353.0
1156,Viet Nam,2017-05-01,37709289.295
1157,China,2017-06-01,19284851.0
1158,"China, Hong Kong SAR",2017-06-01,13761698.033
1159,France,2017-06-01,1830859.255
1160,Germany,2017-06-01,7184375.959
1161,Italy,2017-06-01,19185094.489
1162,Japan,2017-06-01,38467295.944
1163,Malaysia,2017-06-01,108186325.681
1164,Netherlands,2017-06-01,927011.218
1165,Philippines,2017-06-01,594223.0
1166,Singapore,2017-06-01,20279568.62
1167,Thailand,2017-06-01,36493279.38
1168,Rep. of Korea,2017-06-01,104110470.0
1169,Viet Nam,2017-06-01,62083840.254
1170,China,2017-07-01,26437575.0
1171,"China, Hong Kong SAR",2017-07-01,19463726.969
1172,France,2017-07-01,1758466.133
1173,Germany,2017-07-01,6746209.499
1174,Italy,2017-07-01,21152719.843
1175,Japan,2017-07-01,43325309.169
1176,Malaysia,2017-07-01,126192294.883
1177,Netherlands,2017-07-01,599090.375
1178,Philippines,2017-07-01,571216.0
1179,Singapore,2017-07-01,32271332.766
1180,Thailand,2017-07-01,36419109.17
1181,Rep. of Korea,2017-07-01,97410598.0
1182,Viet Nam,2017-07-01,77130466.252
1183,China,2017-08-01,69911513.0
1184,"China, Hong Kong SAR",2017-08-01,15026018.317
1185,France,2017-08-01,2178176.236
1186,Germany,2017-08-01,6228493.518
1187,Italy,2017-08-01,27744681.024
1188,Japan,2017-08-01,41402414.116
1189,Malaysia,2017-08-01,157620627.174
1190,Netherlands,2017-08-01,535166.961
1191,Philippines,2017-08-01,813240.0
1192,Singapore,2017-08-01,28590981.763
1193,Thailand,2017-08-01,48050118.62
1194,Rep. of Korea,2017-08-01,118629584.0
1195,Viet Nam,2017-08-01,83349129.728
1196,China,2017-09-01,166581663.0
1197,"China, Hong Kong SAR",2017-09-01,14544012.846
1198,France,2017-09-01,1603076.758
1199,Germany,2017-09-01,7604524.516
1200,Italy,2017-09-01,20282014.881
1201,Japan,2017-09-01,43933570.613
1202,Malaysia,2017-09-01,143541582.808
1203,Netherlands,2017-09-01,599781.384
1204,Philippines,2017-09-01,976581.0
1205,Singapore,2017-09-01,28232648.515
1206,Thailand,2017-09-01,55881477.93
1207,Rep. of Korea,2017-09-01,133716721.0
1208,Viet Nam,2017-09-01,129459952.552
1209,China,2017-10-01,228184378.0
1210,"China, Hong Kong SAR",2017-10-01,12633264.898
1211,France,2017-10-01,1951850.959
1212,Germany,2017-10-01,5461451.111
1213,Italy,2017-10-01,21363650.614
1214,Japan,2017-10-01,48555792.571
1215,Malaysia,2017-10-01,156914196.208
1216,Netherlands,2017-10-01,525755.474
1217,Philippines,2017-10-01,700751.0
1218,Singapore,2017-10-01,24520663.166
1219,Thailand,2017-10-01,32586856.4
1220,Rep. of Korea,2017-10-01,106176718.0
1221,Viet Nam,2017-10-01,128182958.376
1222,China,2017-11-01,147792947.0
1223,"China, Hong Kong SAR",2017-11-01,14679805.24
1224,France,2017-11-01,1119058.836
1225,Germany,2017-11-01,6303679.268
1226,Italy,2017-11-01,15725273.582
1227,Japan,2017-11-01,66156437.39
1228,Malaysia,2017-11-01,137612600.238
1229,Netherlands,2017-11-01,1123348.902
1230,Philippines,2017-11-01,3332125.0
1231,Singapore,2017-11-01,19641557.38
1232,Thailand,2017-11-01,35149308.3
1233,Rep. of Korea,2017-11-01,130709843.0
1234,Viet Nam,2017-11-01,126981365.579
1235,China,2017-12-01,35962681.0
1236,"China, Hong Kong SAR",2017-12-01,14745329.396
1237,France,2017-12-01,1991461.875
1238,Germany,2017-12-01,11314323.753
1239,Italy,2017-12-01,22850024.041
1240,Japan,2017-12-01,52169467.038
1241,Malaysia,2017-12-01,119145648.252
1242,Netherlands,2017-12-01,1031309.623
1243,Philippines,2017-12-01,837472.0
1244,Singapore,2017-12-01,14679174.726
1245,Thailand,2017-12-01,36251123.47
1246,Rep. of Korea,2017-12-01,137099710.0
1247,Viet Nam,2017-12-01,60957024.755
1248,China,2018-01-01,18095518.0
1249,"China, Hong Kong SAR",2018-01-01,15814666.441
1250,France,2018-01-01,1649725.395
1251,Germany,2018-01-01,6003053.103
1252,Italy,2018-01-01,23126599.47
1253,Japan,2018-01-01,43618313.621
1254,Malaysia,2018-01-01,72379018.414
1255,Netherlands,2018-01-01,840988.392
1256,Philippines,2018-01-01,513788.0
1257,Singapore,2018-01-01,28790076.712
1258,Thailand,2018-01-01,10537753.29
1259,Rep. of Korea,2018-01-01,61892074.0
1260,Viet Nam,2018-01-01,22492087.39
1261,China,2018-02-01,12953489.0
1262,"China, Hong Kong SAR",2018-02-01,17851091.423
1263,France,2018-02-01,1186855.719
1264,Germany,2018-02-01,5833216.789
1265,Italy,2018-02-01,21132199.024
1266,Japan,2018-02-01,40863233.831
1267,Malaysia,2018-02-01,77339447.076
1268,Netherlands,2018-02-01,809187.143
1269,Philippines,2018-02-01,15523420.0
1270,Singapore,2018-02-01,20033740.669
1271,Thailand,2018-02-01,13698756.43
1272,Rep. of Korea,2018-02-01,33602907.0
1273,Viet Nam,2018-02-01,6428907.409
1274,China,2018-03-01,15494657.0
1275,"China, Hong Kong SAR",2018-03-01,18865132.671
1276,France,2018-03-01,1750687.49
1277,Germany,2018-03-01,6245705.672
1278,Italy,2018-03-01,20196926.228
1279,Japan,2018-03-01,48091124.173
1280,Malaysia,2018-03-01,87338040.955
1281,Netherlands,2018-03-01,747473.191
1282,Philippines,2018-03-01,14300030.0
1283,Singapore,2018-03-01,13312868.99
1284,Thailand,2018-03-01,10030039.32
1285,Rep. of Korea,2018-03-01,65067834.0
1286,Viet Nam,2018-03-01,22851926.573
1287,China,2018-04-01,17383459.0
1288,"China, Hong Kong SAR",2018-04-01,18272901.194
1289,France,2018-04-01,3558098.175
1290,Germany,2018-04-01,4652976.73
1291,Italy,2018-04-01,17586056.325
1292,Japan,2018-04-01,56050398.511
1293,Malaysia,2018-04-01,80420975.628
1294,Netherlands,2018-04-01,728998.612
1295,Philippines,2018-04-01,529690.0
1296,Singapore,2018-04-01,9163477.74
1297,Thailand,2018-04-01,19066494.24
1298,Rep. of Korea,2018-04-01,26703631.0
1299,Viet Nam,2018-04-01,21813301.945
1300,China,2018-05-01,17631971.0
1301,"China, Hong Kong SAR",2018-05-01,16936348.718
1302,France,2018-05-01,1815638.974
1303,Germany,2018-05-01,5454851.196
1304,Italy,2018-05-01,18779020.649
1305,Japan,2018-05-01,41212328.031
1306,Malaysia,2018-05-01,91969429.146
1307,Netherlands,2018-05-01,583094.197
1308,Philippines,2018-05-01,724989.0
1309,Singapore,2018-05-01,17093396.189
1310,Thailand,2018-05-01,15388047.09
1311,Rep. of Korea,2018-05-01,27383356.0
1312,Viet Nam,2018-05-01,44724153.847
1313,China,2018-06-01,21064627.0
1314,"China, Hong Kong SAR",2018-06-01,18036788.243
1315,France,2018-06-01,2404826.176
1316,Germany,2018-06-01,5398575.671
1317,Italy,2018-06-01,18474758.151
1318,Japan,2018-06-01,56231829.501
1319,Malaysia,2018-06-01,95348173.207
1320,Netherlands,2018-06-01,471598.546
1321,Philippines,2018-06-01,14614387.0
1322,Singapore,2018-06-01,23910005.022
1323,Thailand,2018-06-01,8074725.66
1324,Rep. of Korea,2018-06-01,47589937.0
1325,Viet Nam,2018-06-01,51242869.28
1326,China,2018-07-01,18581724.0
1327,"China, Hong Kong SAR",2018-07-01,0.0
1328,France,2018-07-01,2465656.31
1329,Germany,2018-07-01,6546083.017
1330,Italy,2018-07-01,13380689.045
1331,Japan,2018-07-01,54817493.231
1332,Malaysia,2018-07-01,116313543.577
1333,Netherlands,2018-07-01,294896.408
1334,Philippines,2018-07-01,16466857.0
1335,Singapore,2018-07-01,13642528.338
1336,Thailand,2018-07-01,8131601.24
1337,Rep. of Korea,2018-07-01,58919413.0
1338,Viet Nam,2018-07-01,52921032.597
1339,China,2018-08-01,17126678.0
1340,"China, Hong Kong SAR",2018-08-01,14785521.157
1341,France,2018-08-01,2099552.053
1342,Germany,2018-08-01,7451057.537
1343,Italy,2018-08-01,15755414.603
1344,Japan,2018-08-01,46936268.193
1345,Malaysia,2018-08-01,144762167.545
1346,Netherlands,2018-08-01,321498.794
1347,Philippines,2018-08-01,11709118.0
1348,Singapore,2018-08-01,21811670.686
1349,Thailand,2018-08-01,9293667.56
1350,Rep. of Korea,2018-08-01,64571648.0
1351,Viet Nam,2018-08-01,47074561.904
1352,China,2018-09-01,13089670.0
1353,"China, Hong Kong SAR",2018-09-01,13136930.041
1354,France,2018-09-01,1700832.631
1355,Germany,2018-09-01,5178199.946
1356,Italy,2018-09-01,14467507.009
1357,Japan,2018-09-01,45170808.155
1358,Malaysia,2018-09-01,135786832.929
1359,Netherlands,2018-09-01,455756.071
1360,Philippines,2018-09-01,11744915.0
1361,Singapore,2018-09-01,24144268.61
1362,Thailand,2018-09-01,12188719.4
1363,Rep. of Korea,2018-09-01,72767621.0
1364,Viet Nam,2018-09-01,20284314.47
1365,China,2018-10-01,14676277.0
1366,"China, Hong Kong SAR",2018-10-01,14243182.832
1367,France,2018-10-01,0.0
1368,Germany,2018-10-01,7937169.471
1369,Italy,2018-10-01,16280834.275
1370,Japan,2018-10-01,42741007.398
1371,Malaysia,2018-10-01,153942872.514
1372,Netherlands,2018-10-01,336010.495
1373,Philippines,2018-10-01,10713667.0
1374,Singapore,2018-10-01,14740932.187
1375,Thailand,2018-10-01,8795348.87
1376,Rep. of Korea,2018-10-01,64700411.0
1377,Viet Nam,2018-10-01,26957060.499
1378,China,2018-11-01,13204061.0
1379,"China, Hong Kong SAR",2018-11-01,12997922.282
1380,France,2018-11-01,1429981.679
1381,Germany,2018-11-01,5881618.024
1382,Italy,2018-11-01,18355587.454
1383,Japan,2018-11-01,41469685.667
1384,Malaysia,2018-11-01,87373765.866
1385,Netherlands,2018-11-01,359391.696
1386,Philippines,2018-11-01,12547838.0
1387,Singapore,2018-11-01,12214717.266
1388,Thailand,2018-11-01,5110507.81
1389,Rep. of Korea,2018-11-01,45089801.0
1390,Viet Nam,2018-11-01,12973597.041
1391,China,2018-12-01,14085328.0
1392,"China, Hong Kong SAR",2018-12-01,13095299.722
1393,France,2018-12-01,1742639.402
1394,Germany,2018-12-01,6204852.095
1395,Italy,2018-12-01,10102040.58
1396,Japan,2018-12-01,41377959.264
1397,Malaysia,2018-12-01,177592857.575
1398,Netherlands,2018-12-01,246357.72
1399,Philippines,2018-12-01,9670964.0
1400,Singapore,2018-12-01,14534689.399
1401,Thailand,2018-12-01,3318925.18
1402,Rep. of Korea,2018-12-01,31020362.0
1403,Viet Nam,2018-12-01,34236151.518
1404,China,2019-01-01,13022229.0
1405,"China, Hong Kong SAR",2019-01-01,15953276.134
1406,France,2019-01-01,1721337.759
1407,Germany,2019-01-01,8521369.395
1408,Italy,2019-01-01,17097229.316
1409,Japan,2019-01-01,38195524.647
1410,Malaysia,2019-01-01,153701212.904
1411,Netherlands,2019-01-01,455243.048
1412,Philippines,2019-01-01,14396060.0
1413,Singapore,2019-01-01,18069573.813
1414,Thailand,2019-01-01,12364164.054
1415,Rep. of Korea,2019-01-01,57530622.0
1416,Viet Nam,2019-01-01,71843383.686
1417,China,2019-02-01,10065222.0
1418,"China, Hong Kong SAR",2019-02-01,9959037.14
1419,France,2019-02-01,1278163.327
1420,Germany,2019-02-01,8305886.18
1421,Italy,2019-02-01,15365232.202
1422,Japan,2019-02-01,43495030.104
1423,Malaysia,2019-02-01,95919358.64
1424,Netherlands,2019-02-01,448152.483
1425,Philippines,2019-02-01,11962133.0
1426,Singapore,2019-02-01,9295565.344
1427,Thailand,2019-02-01,12907243.013
1428,Rep. of Korea,2019-02-01,39920708.0
1429,Viet Nam,2019-02-01,64697520.912
1430,China,2019-03-01,12869258.0
1431,"China, Hong Kong SAR",2019-03-01,18385719.148
1432,France,2019-03-01,2168199.221
1433,Germany,2019-03-01,5592737.301
1434,Italy,2019-03-01,15362264.648
1435,Japan,2019-03-01,48146266.097
1436,Malaysia,2019-03-01,174637528.959
1437,Netherlands,2019-03-01,8464405.63
1438,Philippines,2019-03-01,14624067.0
1439,Singapore,2019-03-01,7894330.804
1440,Thailand,2019-03-01,18220925.754
1441,Rep. of Korea,2019-03-01,46159566.0
1442,Viet Nam,2019-03-01,136936911.755
1443,China,2019-04-01,12844311.0
1444,"China, Hong Kong SAR",2019-04-01,15394727.651
1445,France,2019-04-01,1563218.751
1446,Germany,2019-04-01,6500973.642
1447,Italy,2019-04-01,12149933.087
1448,Japan,2019-04-01,47255473.768
1449,Malaysia,2019-04-01,155908425.2
1450,Netherlands,2019-04-01,266242.356
1451,Philippines,2019-04-01,10860556.0
1452,Singapore,2019-04-01,12095146.529
1453,Thailand,2019-04-01,28518148.718
1454,Rep. of Korea,2019-04-01,58808925.0
1455,Viet Nam,2019-04-01,163066667.974
1456,China,2019-05-01,10368397.0
1457,"China, Hong Kong SAR",2019-05-01,14568892.021
1458,France,2019-05-01,2810424.629
1459,Germany,2019-05-01,6417067.917
1460,Italy,2019-05-01,6334603.935
1461,Japan,2019-05-01,43134618.494
1462,Malaysia,2019-05-01,164877741.598
1463,Netherlands,2019-05-01,301080.215
1464,Philippines,2019-05-01,13570778.0
1465,Singapore,2019-05-01,21908200.377
1466,Thailand,2019-05-01,31688745.311
1467,Rep. of Korea,2019-05-01,51257671.0
1468,Viet Nam,2019-05-01,221017523.481
1469,China,2019-06-01,11520679.0
1470,"China, Hong Kong SAR",2019-06-01,13551918.993
1471,France,2019-06-01,3564174.453
1472,Germany,2019-06-01,5890954.785
1473,Italy,2019-06-01,9648917.206
1474,Japan,2019-06-01,47703158.627
1475,Malaysia,2019-06-01,253781264.988
1476,Netherlands,2019-06-01,311834.49
1477,Philippines,2019-06-01,14584635.0
1478,Singapore,2019-06-01,28770699.3
1479,Thailand,2019-06-01,35175095.174
1480,Rep. of Korea,2019-06-01,45457325.0
1481,Viet Nam,2019-06-01,225825649.848
1482,China,2019-07-01,11775651.0
1483,"China, Hong Kong SAR",2019-07-01,13360390.951
1484,France,2019-07-01,1854110.433
1485,Germany,2019-07-01,5959988.446
1486,Italy,2019-07-01,10306364.061
1487,Japan,2019-07-01,46158403.88
1488,Malaysia,2019-07-01,197742842.035
1489,Netherlands,2019-07-01,701797.798
1490,Philippines,2019-07-01,14261296.0
1491,Singapore,2019-07-01,23873638.216
1492,Thailand,2019-07-01,36384971.055
1493,Rep. of Korea,2019-07-01,69080344.0
1494,Viet Nam,2019-07-01,266405466.39
1495,China,2019-08-01,11227883.0
1496,"China, Hong Kong SAR",2019-08-01,12202623.909
1497,France,2019-08-01,1896920.966
1498,Germany,2019-08-01,6588452.726
1499,Italy,2019-08-01,15897129.608
1500,Japan,2019-08-01,41581462.275
1501,Malaysia,2019-08-01,254039083.829
1502,Netherlands,2019-08-01,975063.855
1503,Philippines,2019-08-01,11986493.0
1504,Singapore,2019-08-01,25000754.579
1505,Thailand,2019-08-01,45725702.344
1506,Rep. of Korea,2019-08-01,89058015.0
1507,Viet Nam,2019-08-01,241243284.942
1508,China,2019-09-01,22493160.0
1509,"China, Hong Kong SAR",2019-09-01,9051814.155
1510,France,2019-09-01,1466124.424
1511,Germany,2019-09-01,6959524.393
1512,Italy,2019-09-01,19471756.476
1513,Japan,2019-09-01,42489891.273
1514,Malaysia,2019-09-01,226485816.197
1515,Netherlands,2019-09-01,650731.032
1516,Philippines,2019-09-01,9204347.0
1517,Singapore,2019-09-01,21333285.725
1518,Thailand,2019-09-01,50919734.731
1519,Rep. of Korea,2019-09-01,62148313.0
1520,Viet Nam,2019-09-01,244347863.346
1521,China,2019-10-01,47977827.0
1522,"China, Hong Kong SAR",2019-10-01,9961187.916
1523,France,2019-10-01,2029933.796
1524,Germany,2019-10-01,5506836.898
1525,Italy,2019-10-01,18965317.072
1526,Japan,2019-10-01,39287158.801
1527,Malaysia,2019-10-01,203834877.781
1528,Netherlands,2019-10-01,706703.536
1529,Philippines,2019-10-01,11532244.0
1530,Singapore,2019-10-01,24252421.119
1531,Thailand,2019-10-01,57407636.701
1532,Rep. of Korea,2019-10-01,99006342.0
1533,Viet Nam,2019-10-01,316157185.813
1534,China,2019-11-01,64436412.0
1535,"China, Hong Kong SAR",2019-11-01,9343484.939
1536,France,2019-11-01,1458214.846
1537,Germany,2019-11-01,7281195.786
1538,Italy,2019-11-01,21406347.682
1539,Japan,2019-11-01,33006564.874
1540,Malaysia,2019-11-01,183990019.851
1541,Netherlands,2019-11-01,845423.092
1542,Philippines,2019-11-01,14462170.0
1543,Singapore,2019-11-01,36808595.925
1544,Thailand,2019-11-01,69804329.602
1545,Rep. of Korea,2019-11-01,92570752.0
1546,Viet Nam,2019-11-01,250107740.582
1547,China,2019-12-01,61756650.0
1548,"China, Hong Kong SAR",2019-12-01,9023956.255
1549,France,2019-12-01,2253789.878
1550,Germany,2019-12-01,4967390.971
1551,Italy,2019-12-01,21351547.999
1552,Japan,2019-12-01,37478979.074
1553,Malaysia,2019-12-01,250130344.601
1554,Netherlands,2019-12-01,409365.042
1555,Philippines,2019-12-01,9081737.0
1556,Singapore,2019-12-01,23396442.31
1557,Thailand,2019-12-01,93516606.915
1558,Rep. of Korea,2019-12-01,120448705.0
1559,Viet Nam,2019-12-01,325157645.414
1560,China,2020-01-01,66048392.0
1561,"China, Hong Kong SAR",2020-01-01,8113716.893
1562,France,2020-01-01,1252856.968
1563,Germany,2020-01-01,5785075.828
1564,Italy,2020-01-01,19656442.006
1565,Japan,2020-01-01,31174589.264
1566,Malaysia,2020-01-01,185268197.756
1567,Netherlands,2020-01-01,419850.026
1568,Philippines,2020-01-01,18882086.0
1569,Singapore,2020-01-01,26470071.203
1570,Thailand,2020-01-01,83977909.719
1571,Rep. of Korea,2020-01-01,133224323.0
1572,Viet Nam,2020-01-01,285075661.975
1573,China,2020-02-01,99391443.0
1574,"China, Hong Kong SAR",2020-02-01,6621345.65
1575,France,2020-02-01,948442.746
1576,Germany,2020-02-01,5669715.604
1577,Italy,2020-02-01,31543953.489
1578,Japan,2020-02-01,44203665.552
1579,Malaysia,2020-02-01,160711901.999
1580,Netherlands,2020-02-01,358664.36
1581,Philippines,2020-02-01,8904061.0
1582,Singapore,2020-02-01,23023247.131
1583,Thailand,2020-02-01,94978647.413
1584,Rep. of Korea,2020-02-01,104975771.0
1585,Viet Nam,2020-02-01,290665549.428
1586,China,2020-03-01,90196276.0
1587,"China, Hong Kong SAR",2020-03-01,12291745.734
1588,France,2020-03-01,1894300.122
1589,Germany,2020-03-01,5160187.948
1590,Italy,2020-03-01,28658985.847
1591,Japan,2020-03-01,44960350.34
1592,Malaysia,2020-03-01,179753478.205
1593,Netherlands,2020-03-01,966100.108
1594,Philippines,2020-03-01,3415239.0
1595,Singapore,2020-03-01,22250939.397
1596,Thailand,2020-03-01,108001197.664
1597,Rep. of Korea,2020-03-01,91696609.0
1598,Viet Nam,2020-03-01,304427101.842
1599,China,2020-04-01,63626587.0
1600,"China, Hong Kong SAR",2020-04-01,15420209.707
1601,France,2020-04-01,963955.608
1602,Germany,2020-04-01,4042560.218
1603,Italy,2020-04-01,16914146.335
1604,Japan,2020-04-01,35554740.356
1605,Malaysia,2020-04-01,86500311.436
1606,Netherlands,2020-04-01,604081.31
1607,Philippines,2020-04-01,377738.0
1608,Singapore,2020-04-01,15623125.263
1609,Thailand,2020-04-01,109603076.787
1610,Rep. of Korea,2020-04-01,59466220.0
1611,Viet Nam,2020-04-01,293881215.559
1612,China,2020-05-01,77974480.0
1613,"China, Hong Kong SAR",2020-05-01,17866980.73
1614,France,2020-05-01,797676.372
1615,Germany,2020-05-01,3768099.081
1616,Italy,2020-05-01,16042061.373
1617,Japan,2020-05-01,27042868.201
1618,Malaysia,2020-05-01,97924267.579
1619,Netherlands,2020-05-01,479453.551
1620,Philippines,2020-05-01,1948440.0
1621,Singapore,2020-05-01,15553137.126
1622,Thailand,2020-05-01,91404093.53
1623,Rep. of Korea,2020-05-01,65423612.0
1624,Viet Nam,2020-05-01,286068323.304
1625,China,2020-06-01,15742015.0
1626,"China, Hong Kong SAR",2020-06-01,13580572.769
1627,France,2020-06-01,1930252.376
1628,Germany,2020-06-01,5944675.563
1629,Italy,2020-06-01,21498551.582
1630,Japan,2020-06-01,21700207.518
1631,Malaysia,2020-06-01,145511188.992
1632,Netherlands,2020-06-01,338642.735
1633,Philippines,2020-06-01,10287093.0
1634,Singapore,2020-06-01,19631519.827
1635,Thailand,2020-06-01,106183735.81
1636,Rep. of Korea,2020-06-01,52003111.0
1637,Viet Nam,2020-06-01,330901652.732
1638,China,2020-07-01,28461825.0
1639,"China, Hong Kong SAR",2020-07-01,14633523.942
1640,France,2020-07-01,1114797.609
1641,Germany,2020-07-01,6435664.073
1642,Italy,2020-07-01,19568559.265
1643,Japan,2020-07-01,25673222.732
1644,Malaysia,2020-07-01,174317588.259
1645,Netherlands,2020-07-01,428657.42
1646,Philippines,2020-07-01,8615941.0
1647,Singapore,2020-07-01,15987798.154
1648,Thailand,2020-07-01,109501595.068
1649,Rep. of Korea,2020-07-01,68636134.0
1650,Viet Nam,2020-07-01,311177243.738
1651,China,2020-08-01,26051286.0
1652,"China, Hong Kong SAR",2020-08-01,13995188.971
1653,France,2020-08-01,1288338.603
1654,Germany,2020-08-01,4443667.927
1655,Italy,2020-08-01,21297085.192
1656,Japan,2020-08-01,31717091.139
1657,Malaysia,2020-08-01,125190908.413
1658,Netherlands,2020-08-01,296825.919
1659,Philippines,2020-08-01,5897887.0
1660,Singapore,2020-08-01,14284882.476
1661,Thailand,2020-08-01,60932504.743
1662,Rep. of Korea,2020-08-01,77130023.0
1663,Viet Nam,2020-08-01,310561534.106
1664,China,2020-09-01,23146256.0
1665,"China, Hong Kong SAR",2020-09-01,16137651.676
1666,France,2020-09-01,1189256.193
1667,Germany,2020-09-01,6553835.866
1668,Italy,2020-09-01,18466221.846
1669,Japan,2020-09-01,34203110.236
1670,Malaysia,2020-09-01,158758028.398
1671,Netherlands,2020-09-01,358858.366
1672,Philippines,2020-09-01,9589972.0
1673,Singapore,2020-09-01,20412759.283
1674,Thailand,2020-09-01,57087372.591
1675,Rep. of Korea,2020-09-01,103025765.0
1676,Viet Nam,2020-09-01,262790601.741
1677,China,2020-10-01,21240516.0
1678,"China, Hong Kong SAR",2020-10-01,14645116.764
1679,France,2020-10-01,1679078.516
1680,Germany,2020-10-01,4342083.495
1681,Italy,2020-10-01,26179642.297
1682,Japan,2020-10-01,33221900.132
1683,Malaysia,2020-10-01,153371994.351
1684,Netherlands,2020-10-01,627711.295
1685,Philippines,2020-10-01,9896219.0
1686,Singapore,2020-10-01,24963706.658
1687,Thailand,2020-10-01,79442703.991
1688,Rep. of Korea,2020-10-01,73991464.0
1689,Viet Nam,2020-10-01,303938496.299
1690,China,2020-11-01,20167252.0
1691,"China, Hong Kong SAR",2020-11-01,17874449.089
1692,France,2020-11-01,1584138.937
1693,Germany,2020-11-01,5729374.318
1694,Italy,2020-11-01,22629245.591
1695,Japan,2020-11-01,37836714.059
1696,Malaysia,2020-11-01,121348772.77
1697,Netherlands,2020-11-01,661257.991
1698,Philippines,2020-11-01,7041914.0
1699,Singapore,2020-11-01,21400295.422
1700,Thailand,2020-11-01,63537060.447
1701,Rep. of Korea,2020-11-01,64598335.0
1702,Viet Nam,2020-11-01,254997883.685
1703,China,2020-12-01,24283475.0
1704,"China, Hong Kong SAR",2020-12-01,15186146.175
1705,France,2020-12-01,2781254.851
1706,Germany,2020-12-01,5282536.607
1707,Italy,2020-12-01,22671241.93
1708,Japan,2020-12-01,31751042.549
1709,Malaysia,2020-12-01,152630794.472
1710,Netherlands,2020-12-01,259024.184
1711,Philippines,2020-12-01,4460467.0
1712,Singapore,2020-12-01,23023606.513
1713,Thailand,2020-12-01,73903635.368
1714,Rep. of Korea,2020-12-01,82796706.0
1715,Viet Nam,2020-12-01,284986225.964
