Time,China,JP+KR,SoutheastAsia,Taiwan,total
2002-01-01,0.12280986909116624,0.42416141221549636,0.3921492530276779,0.0608794656656595,42082416.0
2002-02-01,0.10470874842639355,0.5085926075168282,0.32189879765792745,0.06479984639885077,44640291.0
2002-03-01,0.11759287011431116,0.4434222736806082,0.3815540044903515,0.05743085171472913,55087447.0
2002-04-01,0.13056528763703473,0.4943990761684108,0.32806002076802737,0.0469756154265271,69294015.0
2002-05-01,0.11657573423457428,0.3056208201087715,0.5421183504476031,0.03568509520905107,89813940.0
2002-06-01,0.12876604763304111,0.4896335572753943,0.3304472614198203,0.05115313367174426,53599727.0
2002-07-01,0.10690337860835997,0.46959427544419946,0.3649368873811517,0.05856545856628882,64317724.0
2002-08-01,0.10580749792577591,0.4485853187556688,0.3837808942352173,0.06182628908333799,64637423.0
2002-09-01,0.0956409120206252,0.515839665088376,0.33147806713106426,0.057041355759934555,64542400.0
2002-10-01,0.09414500759165974,0.443835821298612,0.40443974352886025,0.05757942758086805,68352642.0
2002-11-01,0.11484643890101445,0.5027657414697783,0.3287376690551225,0.05365015057408483,64330127.0
2002-12-01,0.10948313727284222,0.5230996459471138,0.31153679298019,0.05588042379985395,64309319.0
2003-01-01,0.13678310652408704,0.3744571704885508,0.40734480341935736,0.08141491956800481,66160736.0
2003-02-01,0.12374743975612149,0.4182357010750542,0.34897963487227907,0.10903722429654529,61126501.0
2003-03-01,0.12645347163101503,0.4518744740597481,0.3551549213687708,0.06651713294046603,74232529.0
2003-04-01,0.12299476121552431,0.44066595799930436,0.359936733944629,0.07640254684054235,70427024.0
2003-05-01,0.11596173028389821,0.43085620210298625,0.37286069467765737,0.08032137293545817,68295359.0
2003-06-01,0.13001371530832118,0.4249057472479235,0.3596561860753072,0.0854243513684481,66418485.0
2003-07-01,0.13925440028316238,0.4231663468454638,0.36227254954473137,0.07530670332664242,63025319.0
2003-08-01,0.14355927026398146,0.43989013792858345,0.32335533793475263,0.09319525387268245,59651160.0
2003-09-01,0.12962381429861294,0.4753394116584466,0.32579655030421495,0.06924022373872547,67232885.0
2003-10-01,0.11984225322336227,0.4847895545377724,0.32751170703346366,0.06785648520540168,69929543.0
2003-11-01,0.14181762471897205,0.4444677630784066,0.3378873325246651,0.0758272796779563,61271933.0
2003-12-01,0.12286219096776597,0.47385526683860973,0.3167115348488102,0.08657100734481407,73841488.0
2004-01-01,0.12569966990127246,0.47270337220985253,0.33900405721143684,0.06259290067743818,68593418.0
2004-02-01,0.12765588358930424,0.4229418039679455,0.38498379265738025,0.06441851978537001,66016683.0
2004-03-01,0.11690983026968946,0.5047368712755799,0.31108290189886056,0.06727039655587012,85017932.0
2004-04-01,0.1333456658848744,0.42998485995109803,0.3579809001752385,0.07868857398878909,80442937.0
2004-05-01,0.1392647903799855,0.4152699491236417,0.36591997584723146,0.07954528464914136,79527115.0
2004-06-01,0.1560298545466217,0.4433589732506903,0.31861198355184484,0.08199918865084319,84838937.0
2004-07-01,0.13249084300504227,0.45046447759123104,0.3481147882861534,0.06892989111757332,87407769.0
2004-08-01,0.15758872562391837,0.44845833949309716,0.32077940121626386,0.0731735336667206,87212489.0
2004-09-01,0.12130325069413636,0.5040466860164773,0.28964817078402444,0.0850018925053619,89941621.0
2004-10-01,0.13901041276041612,0.4699464999924435,0.32050903773668143,0.07053404951045897,84959988.0
2004-11-01,0.15862235420043921,0.5077251283068975,0.2615411304730782,0.07211138701958503,79657253.0
2004-12-01,0.16603909348689255,0.46223827192882183,0.29160425928459144,0.08011837529969419,77657079.0
2005-01-01,0.15735483013047813,0.42814862324203373,0.3428842900188185,0.07161225660866968,81833338.0
2005-02-01,0.14115092577842672,0.4616107311679474,0.3306248938166109,0.06661344923701497,75323693.0
2005-03-01,0.16178216472195311,0.4634700933029911,0.3065198214836851,0.06822792049137068,90060564.0
2005-04-01,0.18092742784160767,0.4280605050308961,0.33212283297345513,0.05888923415404111,90558420.0
2005-05-01,0.17244981693096273,0.4347451064634017,0.3319111819159621,0.06089389468967346,84034418.0
2005-06-01,0.14956995483216512,0.48729406481241755,0.3178988773686561,0.045237102986761236,89709414.0
2005-07-01,0.15030007001353252,0.4854828950307924,0.3080084851230319,0.05620854983264313,90348248.0
2005-08-01,0.16278132511409252,0.4775515478582041,0.30869587673937837,0.05097125028832503,94888569.0
2005-09-01,0.1525273769588997,0.508136908957348,0.28694723081959767,0.05238848326415467,95456457.0
2005-10-01,0.14832371996604907,0.4567757501124654,0.3333639295940449,0.061536600327440606,96231803.0
2005-11-01,0.1520756126437686,0.4958761404126828,0.2738682509057622,0.07817999603778637,93240808.0
2005-12-01,0.1806990593977851,0.39030251800965604,0.3664675178807055,0.0625309047118534,94997650.0
2006-01-01,0.17256574338044023,0.4430877079947802,0.3250071715474871,0.05933937707729247,104883221.0
2006-02-01,0.1504857757684731,0.4598383527935722,0.3450641865948898,0.04461168484306488,94071901.0
2006-03-01,0.15759035724222903,0.44117733878646065,0.34891758476609375,0.05231471920521656,122329071.0
2006-04-01,0.17360915654455664,0.4242959349943051,0.34369427997207647,0.058400628489061766,116198681.0
2006-05-01,0.16755478153015227,0.39216666134664563,0.3679851568537338,0.0722934002694683,121710045.0
2006-06-01,0.17804982932872532,0.41676443630246285,0.33984155656675036,0.06534417780206146,118590841.0
2006-07-01,0.19140889344208825,0.43655700065766473,0.31348197627742447,0.058552129622822524,128460588.0
2006-08-01,0.22363232902569238,0.3857837919431919,0.32294758938389534,0.06763628964722038,127301232.0
2006-09-01,0.1861295691594837,0.4616964707634152,0.2980902137802929,0.05408374629680821,128862486.0
2006-10-01,0.2021885478768592,0.4107167077974646,0.3194636010493646,0.06763114327631163,128770498.0
2006-11-01,0.18295894567298615,0.3637526434422729,0.3468828500892979,0.106405560795443,129381490.0
2006-12-01,0.19771671187695342,0.4432566299022662,0.2822963304384529,0.07673032778232741,127983410.0
2007-01-01,0.162587844899558,0.40382857819777995,0.3370149355271656,0.09656864137549642,115151677.0
2007-02-01,0.1930349897250346,0.4499990055049495,0.2856359328555284,0.07133007191448754,116843216.0
2007-03-01,0.1850769169243248,0.42969702790339515,0.3129018600510148,0.07232419512126526,129851331.0
2007-04-01,0.25452272243177637,0.38791535268386296,0.2864707629472411,0.07109116193711956,138224158.0
2007-05-01,0.22909888277516,0.39637403795653814,0.3031158704754416,0.07141120879286032,146517419.0
2007-06-01,0.25013990646367296,0.43906558441250754,0.24252136788586104,0.0682731412379585,131900625.0
2007-07-01,0.24287738972349557,0.40222095500325594,0.28493731680555484,0.06996433846769369,144412471.0
2007-08-01,0.29371226316753063,0.3864002518821145,0.25194905407356005,0.06793843087679476,157470490.0
2007-09-01,0.28238465053311557,0.4054485658231908,0.24901656092703361,0.0631502227166601,151854603.0
2007-10-01,0.21359617795771196,0.4234116881004781,0.29966398406331407,0.06332814987849587,151987434.0
2007-11-01,0.25072948464061395,0.38329772649480387,0.3032100334974374,0.0627627553671447,144148340.0
2007-12-01,0.24677790651205697,0.4394284745152571,0.2278331834771416,0.08596043549554432,130372769.0
2008-01-01,0.20502799075048114,0.38843517518780196,0.31334776562697125,0.09318906843474563,125894981.0
2008-02-01,0.17179270041024447,0.49372298783944146,0.2272803133590278,0.10720399839128625,138878654.0
2008-03-01,0.21067969778211,0.4207380867213366,0.2529491079730537,0.1156331075234997,146749883.0
2008-04-01,0.1878660252398421,0.3856324418372158,0.2971238146533734,0.12937771826956868,149686911.0
2008-05-01,0.21544921213773965,0.40109931399689425,0.27224868214326575,0.11120279172210028,147030967.0
2008-06-01,0.21530095295537577,0.4167359553125671,0.23266142762849826,0.13530166410355887,148717247.0
2008-07-01,0.20668676899914562,0.40212554831036595,0.2967322986508439,0.0944553840396446,180776037.0
2008-08-01,0.21477076734553768,0.391026203468122,0.2667342033588492,0.12746882582749114,173510620.0
2008-09-01,0.3006855541132212,0.37479109413698736,0.22473795432566174,0.0997853974241297,200505981.0
2008-10-01,0.30728789365405856,0.30308278726059085,0.261365331151571,0.12826398793377963,251124205.0
2008-11-01,0.27880345798698464,0.35139956739756695,0.2209670784816044,0.14882989613384398,183584728.0
2008-12-01,0.25881621464139515,0.38155165643513544,0.2220695192613521,0.1375626096621173,174550934.0
2009-01-01,0.2626167266392235,0.30913931854696874,0.2645772528924677,0.16366670192134009,134639360.0
2009-02-01,0.22278872466199662,0.2790335865652112,0.35620234962973946,0.14197533914305271,115559569.0
2009-03-01,0.2686038386918615,0.25738532860279956,0.34666446495826025,0.12734636774707866,172011879.0
2009-04-01,0.2661694731793046,0.3988304528001734,0.2167835853008479,0.1182164887196741,130706995.0
2009-05-01,0.25196990933364155,0.27887409089344906,0.41872752598002155,0.050428473792887854,137742380.0
2009-06-01,0.3193066390069759,0.3335335077940651,0.26911816731448923,0.07804168588446976,111862422.0
2009-07-01,0.43095405828506095,0.3076107172156442,0.1954817844842259,0.06595344001506898,137617871.0
2009-08-01,0.41442247371702884,0.25135720463530425,0.2267036589221139,0.10751666272555299,150025276.0
2009-09-01,0.422917985257523,0.27833556682526933,0.23038296927457053,0.06836347864263713,185284603.0
2009-10-01,0.3207131954526265,0.24635279012783792,0.32695510847812287,0.10597890594141271,183953220.0
2009-11-01,0.4189169119185482,0.24076967509409863,0.26794152701911866,0.07237188596823453,204258032.0
2009-12-01,0.4582144128951645,0.2648405802005275,0.17860057147755043,0.09834443542675761,201380789.0
2010-01-01,0.41470190836471726,0.23140629202111349,0.20126016107026656,0.1526316385439027,173447034.0
2010-02-01,0.3529894701347929,0.28560750319092326,0.22672663350866426,0.13467639316561955,190003002.0
2010-03-01,0.38449300354036237,0.2429891838389886,0.2492823962755261,0.12323541634512293,253996034.0
2010-04-01,0.3480532601217011,0.2777792420527472,0.24648323088808158,0.1276842669374701,214212954.0
2010-05-01,0.3902901589682986,0.2565120649428112,0.19656403591345967,0.1566337401754305,234713338.0
2010-06-01,0.4949079372897688,0.23631477619105196,0.17210088006309163,0.09667640645608765,255711894.0
2010-07-01,0.4406211932428014,0.24089829326280746,0.1948313388289125,0.12364917466547864,260311782.0
2010-08-01,0.47863552286161914,0.19088994296796094,0.2453440971570946,0.08513043701332533,327210114.0
2010-09-01,0.4649129202244305,0.1972318476583597,0.24107183878367286,0.09678339333353699,390107287.0
2010-10-01,0.47608694692280684,0.23453205467913846,0.18458687169333093,0.10479412670472375,307552322.0
2010-11-01,0.5820859701411359,0.22049428933782755,0.1274352635971585,0.069984476923878,379486640.0
2010-12-01,0.5778939035770714,0.219285509934998,0.12424698572400142,0.07857360076392912,392763138.0
2011-01-01,0.5455252036182443,0.24919262062059186,0.11847859779199073,0.08680357796917311,371405324.0
2011-02-01,0.5977082774491741,0.22783052018834446,0.10720367031955037,0.06725753204293113,388295782.0
2011-03-01,0.5735108191518826,0.2432718524967027,0.13195286831577369,0.05126446003564095,436674062.0
2011-04-01,0.5648216186671522,0.23444519039117406,0.157570937998336,0.04316225294333775,418063812.0
2011-05-01,0.5909897844807395,0.18374270424260192,0.19494865629106614,0.030318854985592437,460105931.0
2011-06-01,0.5461178613039845,0.16573705324180477,0.26306073488714915,0.025084350567061528,528467698.0
2011-07-01,0.5257718663249865,0.16029254283077113,0.2648791410912482,0.04905644975299419,486188363.0
2011-08-01,0.5169633429770445,0.12603019931064252,0.3213657239879238,0.03564073372438924,529481159.0
2011-09-01,0.601004552563115,0.12224425266002695,0.24902966036815857,0.027721534408699452,483605157.0
2011-10-01,0.4494809862091832,0.16471459176173298,0.35115969032958766,0.03464473169949614,572784202.0
2011-11-01,0.5711878459674278,0.12056673429515245,0.27878902073678213,0.029456399000637654,564675268.0
2011-12-01,0.7043431445019304,0.10315516522193786,0.1589197961926197,0.03358189408351212,704525419.0
2012-01-01,0.6348001692415975,0.12658136180424615,0.21051120348368516,0.028107265470471116,831608789.0
2012-02-01,0.5568564203356271,0.13312678977591594,0.26369383951506237,0.046322950373394546,808061354.0
2012-03-01,0.4077983177921762,0.1507626731191427,0.36232315418801414,0.07911585490066696,624787131.0
2012-04-01,0.26491974822126735,0.18523305661515235,0.42951818628751093,0.12032900887606937,399287100.0
2012-05-01,0.3354935285322253,0.1274584734204825,0.43505834159738666,0.10198965644990557,472590934.0
2012-06-01,0.3322119127221558,0.17901485503215886,0.41239506910751705,0.07637816313816827,437336650.0
2012-07-01,0.2297421291549055,0.1813002423456434,0.5228749471509402,0.06608268134851092,472875016.0
2012-08-01,0.2359168456340109,0.2075662984137996,0.46460783557726276,0.09190902037492675,437286480.0
2012-09-01,0.31751990148353665,0.16951522965955165,0.4433616454118575,0.06960322344505417,471560574.0
2012-10-01,0.2434791238363897,0.1767328049531656,0.4890575098540622,0.09073056135638248,465411614.0
2012-11-01,0.2424467014277974,0.20039208558763025,0.4156318678454885,0.14152934513908386,391204382.0
2012-12-01,0.2395965025881237,0.27982323890926425,0.3994726590689737,0.08110759943363832,269241380.0
2013-01-01,0.24518307876810674,0.2416571725217987,0.44211145381640726,0.07104829489368729,316347606.0
2013-02-01,0.2892150767884771,0.2361705632197843,0.3729566750760413,0.10165768491569732,288373801.0
2013-03-01,0.22455095645547404,0.15799767336288498,0.4965266635255446,0.12092470665609638,395145420.0
2013-04-01,0.274418220788839,0.13991985751032923,0.48680713808557696,0.09885478361525485,390559117.0
2013-05-01,0.32560944171260325,0.14472276070692533,0.40616100240483727,0.12350679517563415,370068286.0
2013-06-01,0.37458512161590013,0.14266228907019413,0.3244225829934494,0.15833000632045635,404133793.0
2013-07-01,0.3914102340947507,0.13425840703063155,0.394736653111674,0.07959470576294375,452674781.0
2013-08-01,0.425979544797959,0.12801419456109323,0.3149558342063986,0.13105042643454914,465454899.0
2013-09-01,0.41548729831604786,0.14978085800589697,0.28238580967387644,0.1523460340041787,485470393.0
2013-10-01,0.3657136858779094,0.1427521630142327,0.3083550698962495,0.18317908121160836,471862013.0
2013-11-01,0.4312330924459388,0.15449000159680198,0.2088504276004769,0.2054264783567823,392315395.0
2013-12-01,0.4076053386757659,0.14428885479246878,0.31178681168906786,0.1363189948426974,432917394.0
2014-01-01,0.338753617626144,0.1722485624243401,0.3470594127053133,0.14193840724420256,413808307.0
2014-02-01,0.38063858234295744,0.14664481398473334,0.30480508450941957,0.16791151916288963,385176826.0
2014-03-01,0.4120304549462847,0.10979735949011316,0.28285712955971604,0.1953150560038861,537805447.0
2014-04-01,0.4091942898712043,0.12715260843971932,0.2699221406887049,0.19373096100037143,477613395.0
2014-05-01,0.44665570775915947,0.09481095569314847,0.19115907316654115,0.2673742633811509,640791368.0
2014-06-01,0.5182339417638586,0.15661311728428046,0.23407646908476612,0.09107647186709485,483767422.0
2014-07-01,0.3915182825163644,0.14958525562409902,0.24932491931329412,0.2095715425462424,532407099.0
2014-08-01,0.39224052221068567,0.2321785735677342,0.3365226904881089,0.03905821373347121,355579702.0
2014-09-01,0.5076096268474897,0.20135836437698393,0.21797897034905866,0.07305303842646771,443054905.0
2014-10-01,0.3480040928066532,0.2790363678073862,0.21400423478223843,0.15895530460372218,346411673.0
2014-11-01,0.4067543232530367,0.2378680887241327,0.25372527454096694,0.10165231348186372,385284758.0
2014-12-01,0.44358430460587117,0.1948299302146791,0.2870168018197697,0.07456896335968012,394362878.0
2015-01-01,0.39143453871557116,0.2813042142849774,0.2697026489551827,0.05755859804426873,258438574.0
2015-02-01,0.39029590092794886,0.2684469541921928,0.24774606882114936,0.09351107605870898,301603042.0
2015-03-01,0.43688424952569116,0.23087870306130812,0.2739797065299494,0.058257340883051276,447627142.0
2015-04-01,0.3504471950036733,0.1837395412811223,0.40850469972275144,0.05730856399245299,537421702.0
2015-05-01,0.3712049320886079,0.21092241487963168,0.3667268697345904,0.05114578329717004,441686793.0
2015-06-01,0.421065201961814,0.16494322720554253,0.3358624991392122,0.07812907169343132,560155446.0
2015-07-01,0.3617958778796882,0.1884753286658133,0.37852654311276274,0.07120225034173575,554065536.0
2015-08-01,0.3669924194099885,0.20187252649144866,0.37730236738438866,0.05383268671417419,641859010.0
2015-09-01,0.32775610823994583,0.1852612546744191,0.40996920899412376,0.07701342809151135,634582062.0
2015-10-01,0.3367387226066726,0.24408568064465874,0.3519846962175691,0.06719090053109955,688787628.0
2015-11-01,0.3596787503134453,0.19059954387424263,0.3820319258990913,0.06768977991322078,690100471.0
2015-12-01,0.3460647105329847,0.1545287775146112,0.444138113665702,0.05526839828670211,723477923.0
2016-01-01,0.3163843900022563,0.17104737864162403,0.45842096153556927,0.05414726982055041,720489124.0
2016-02-01,0.37739727739053636,0.18806109450245123,0.37701052789276235,0.057531100214250036,699434651.0
2016-03-01,0.3194544935291078,0.2046382354584851,0.4240653664940314,0.05184190451837563,853825692.0
2016-04-01,0.28445599236803243,0.19032422879514668,0.4867592162697944,0.03846056256702648,835801243.0
2016-05-01,0.27341261866748984,0.18500378279248772,0.5004796425330754,0.04110395600694701,908040822.0
2016-06-01,0.25053454989483787,0.21888003636749992,0.49698055077660186,0.033604862961060356,954654570.0
2016-07-01,0.21206817912458065,0.2366352815446478,0.5122228863615773,0.039073652969194246,833794220.0
2016-08-01,0.20547164071070026,0.2360637628508495,0.5254490296808544,0.03301556675759586,833741768.0
2016-09-01,0.18084881091416308,0.2782378304240653,0.5148248735542038,0.02608848510756785,733215360.0
2016-10-01,0.1570776655660409,0.282486971354657,0.5445302326129231,0.01590513046637897,664941732.0
2016-11-01,0.16635323660113477,0.2842702676241291,0.5299249717765162,0.01945152399821992,552175809.0
2016-12-01,0.19714887455549118,0.32732943371195183,0.444548587560977,0.030973104171580026,434427816.0
2017-01-01,0.2576891815723071,0.33035396572166775,0.38290690176571873,0.029049950940306452,328415219.0
2017-02-01,0.18240718399681688,0.3760756294843478,0.41514939252188,0.02636779399695533,284656919.0
2017-03-01,0.135937399158521,0.2779887538543656,0.5652447372933567,0.020829109693756745,462328354.0
2017-04-01,0.17264791152723782,0.2728193373359236,0.5302708638247531,0.024261887312085492,376933908.0
2017-05-01,0.14573868152225808,0.24537330693028786,0.5896096724064916,0.01927833914096244,466008868.0
2017-06-01,0.15431524427500548,0.3102198523823586,0.5203629894390335,0.01510191390360247,451057200.0
2017-07-01,0.13818469078425646,0.31405710055714064,0.5292764026043499,0.018481806054252897,506158704.0
2017-08-01,0.15922247555869637,0.2504850667565885,0.57174747622934,0.018544981455375153,549621256.0
2017-09-01,0.17970491049405543,0.28446168559486784,0.5176901963257741,0.01814320758530265,611630493.0
2017-10-01,0.3135322505001172,0.19720143714834673,0.469610409147738,0.019655903203798127,859333139.0
2017-11-01,0.26342426541303127,0.23568522960072957,0.48492718694008957,0.01596331804614962,871681812.0
2017-12-01,0.14643158552158936,0.2826492771325237,0.5572064992658303,0.013712638080056606,729050161.0
2018-01-01,0.13918228496522608,0.32540847835309133,0.520129048794313,0.015280187887369545,547941888.0
2018-02-01,0.19472701631365205,0.3004699256806581,0.4703867301264385,0.03441632787925133,286620003.0
2018-03-01,0.1993157289646003,0.33489067823325563,0.4230291680174732,0.04276442478467087,312335009.0
2018-04-01,0.20507230462824927,0.34844281005572364,0.41180846113513875,0.03467642418088834,321410822.0
2018-05-01,0.21777043760122802,0.2720781425569227,0.4666979577787655,0.04345346206308376,304408058.0
2018-06-01,0.19939823485333633,0.2504402717782262,0.5141430783922465,0.03601841497619106,354127854.0
2018-07-01,0.13865729380478375,0.28494253015838733,0.5372676818073424,0.039132494229486565,386412323.0
2018-08-01,0.10999221081202948,0.3434337567070635,0.508634464147326,0.037939568333581,367592875.0
2018-09-01,0.07990129297899423,0.315691429215057,0.5683242612545467,0.03608301655140207,381195984.0
2018-10-01,0.09177169850994901,0.3378037950217606,0.5477682878460319,0.022656218622258435,407807991.0
2018-11-01,0.07910203909333154,0.29150232379025554,0.5986593182108509,0.030736318905561985,416645176.0
2018-12-01,0.09155589807226669,0.29090331003787645,0.5746140403437683,0.04292675154608852,308503358.0
2019-01-01,0.08642545068392198,0.262396410157588,0.6103091223273345,0.04086901683115556,297140620.0
2019-02-01,0.05275780718171388,0.29547349589539357,0.6207987642605965,0.030969932662296057,348539505.0
2019-03-01,0.05480706393840409,0.24321520190542412,0.6706201293472237,0.031357604808948066,445512152.0
2019-04-01,0.05615340547408599,0.2512708389993363,0.627686142189783,0.06488961333679463,421972217.0
2019-05-01,0.03865652109990001,0.21105862172405632,0.6890686364367328,0.06121622073931089,530998559.0
2019-06-01,0.03483759083479769,0.1684495674005133,0.7676618047936122,0.029051036971076725,586956776.0
2019-07-01,0.03640819227437422,0.17882072622488007,0.7595537317537182,0.025217349747027457,612543156.0
2019-08-01,0.028318553781049725,0.18174843971747967,0.7705008042668144,0.019432202234656207,742796407.0
2019-09-01,0.03191669001969146,0.1718567620430032,0.7755843431481189,0.0206422047891865,701040521.0
2019-10-01,0.05955396565583556,0.16630224316506378,0.7542407414168634,0.019903049762237234,816310324.0
2019-11-01,0.03670885887126886,0.16941918141780477,0.7708893747384644,0.02298258497246195,797078441.0
2019-12-01,0.0819784068102631,0.17753578239848933,0.7056611419563639,0.034824668834883686,793822136.0
2020-01-01,0.0395390387997515,0.20078587621019936,0.7362833318562826,0.023391753133766596,851369963.0
2020-02-01,0.08189649362199795,0.20623154318939904,0.692039211144207,0.019832752044396076,841561976.0
2020-03-01,0.0964464255826129,0.21863091335385743,0.6545731485092311,0.030349512554298644,993459679.0
2020-04-01,0.07429364976097512,0.16133434810113517,0.7426829332526855,0.021689068885204207,817701677.0
2020-05-01,0.10870802302474454,0.10777759584765872,0.7671481277975358,0.016366253330060896,780702690.0
2020-06-01,0.06160135697571204,0.15696416248941944,0.7635841433647936,0.017850337170074917,641029012.0
2020-07-01,0.03395739232160311,0.13371253408040742,0.8109217739816676,0.021408299616321794,726744173.0
2020-08-01,0.03367857333764849,0.1477886831792453,0.7971836258728118,0.021349117610294444,760782731.0
2020-09-01,0.03566261049582509,0.16078280758513624,0.7765101894412173,0.0270443924778214,648969542.0
2020-10-01,0.030239465716925602,0.2245996386017693,0.7257333531084514,0.0194275425728537,682359179.0
2020-11-01,0.029230132420824978,0.16727242379895046,0.7854040545432757,0.018093389236948934,676422081.0
2020-12-01,0.027180059920939845,0.18051694157933268,0.7680357397803855,0.024267258719341933,672514485.0
2021-01-01,0.0361833826482832,0.19766022065266328,0.7361250142830277,0.03003138241602585,615730796.0
2021-02-01,0.028098593171973846,0.18106454325109061,0.7653842324381812,0.025452631138754282,641393179.0
2021-03-01,0.0247824991023527,0.15282036692427434,0.8001371755900406,0.0222599583833323,864457007.0
2021-04-01,0.03120579235516206,0.1683998359943443,0.7763826369197339,0.024011734730759803,744357257.0
2021-05-01,0.029252337568468678,0.13739692088976455,0.8025532547023653,0.03079748683940148,779546043.0
2021-06-01,0.03434904228731041,0.16774628935366842,0.7637872067940195,0.034117461565001686,762403702.0
2021-07-01,0.04560723072697952,0.15709974785953842,0.7567069778051286,0.04058604360835342,634766824.0
2021-08-01,0.0662254187811557,0.21733170037774938,0.6722248564149189,0.044218024426176054,575400831.0
2021-09-01,0.0593131693188902,0.18850906182720767,0.7030670680056998,0.04911070084820231,584041207.0
2021-10-01,0.040043398380736346,0.14231700023978708,0.781014665079627,0.03662493629984952,731540658.0
2021-11-01,0.05751509375474427,0.18630706353422105,0.713629036049311,0.04254880666172361,584665986.0
2021-12-01,0.06992874411976442,0.23011651627469626,0.6404100245730863,0.059544715032453024,534266223.0
